-- insert User entities
INSERT INTO public.users (user_id,email,enabled,verified,firstname,lastname,"password",patronymic,username,"version") VALUES (1,'Rebecca_Saunders532@irrepsy.com',true,true,'Margot','Петренко','$2a$10$MS6jMQPb.LRdVwYvuII20.kFC5YXTZMA149Di8VvUBmJniZkoD9Xi','Stone','Admin',15);
INSERT INTO public.users (user_id,email,enabled,verified,firstname,lastname,"password",patronymic,username,"version") VALUES (2,'Callie_Gardner4493@dionrab.com',true,true,'Игорь','Potts','$2a$10$UJclxx4TaTnPoqSJPeVHce38Qk7y2EIXRtxwRgY9CyWBEoVVLYyXG','','Registered',7);
INSERT INTO public.users (user_id,email,enabled,verified,firstname,lastname,"password",patronymic,username,"version") VALUES (3,'Zoe_Barrett1744@eirey.tech',true,true,'Марина','','$2a$10$V1xtSwAc6n4JZeAshuwsr.2Chk6TC1PyBEp4..03.N0832a9cBWx.','','Dispatcher',8);
INSERT INTO public.users (user_id,email,enabled,verified,firstname,lastname,"password",patronymic,username,"version") VALUES (4,'Matt_Jarrett5404@bulaffy.com',true,true,'Манделл','Wellington','$2a$10$SIfCk8TxDRxdJDNw9VYDTutmp8SEmBj2lVdsLqoHNvMtaS6Xsf4K.','Nelson','Client',21);
INSERT INTO public.users (user_id,email,enabled,verified,firstname,lastname,"password",patronymic,username,"version") VALUES (5,'Enoch_Healy9311@dionrab.com',true,true,'Варяг','Nelson','$2a$10$43pE3uxi6SOmI1/iLW3b.u56TkduQtnjBV69bAii0a.r3p/YyUcDq','Петрович','Courier',22);
INSERT INTO public.users (user_id,email,enabled,verified,firstname,lastname,"password",patronymic,username,"version") VALUES (6,'Melania_Thompson6748@deons.tech',true,true,'Хло','Stone','$2a$10$3msbqoY7AjOdt/z9yBo01uGGCf.A2WQyiyz9XTr3kZ8qXWRurL6X.','','Productoper',13);
INSERT INTO public.users (user_id,email,enabled,verified,firstname,lastname,"password",patronymic,username,"version") VALUES (7,'Roger_Thomson640@hourpy.biz',true,true,'Jacob','Tait','$2a$10$YfaizApGqWua/7gs1QlwtOwv7j6hy2k1WQIc1bHxf/A3mXHNLORiS','Tait','Manager',13);

-- reset User sequense
alter sequence user_seq restart with 8;

-- Insert User`s Roles
INSERT INTO public.user_roles (user_id, user_role) SELECT users.user_id, 'ROLE_ADMIN' FROM public.users WHERE users.username = 'Admin';
INSERT INTO public.user_roles (user_id, user_role) SELECT users.user_id, 'ROLE_COURIER' FROM public.users WHERE users.username = 'Admin';
INSERT INTO public.user_roles (user_id, user_role) SELECT users.user_id, 'ROLE_DISPATCHER' FROM public.users WHERE users.username = 'Admin';
INSERT INTO public.user_roles (user_id, user_role) SELECT users.user_id, 'ROLE_PRODUCTOPER' FROM public.users WHERE users.username = 'Admin';
INSERT INTO public.user_roles (user_id, user_role) SELECT users.user_id, 'ROLE_REGISTERED' FROM public.users WHERE users.username = 'Admin';
INSERT INTO public.user_roles (user_id, user_role) SELECT users.user_id, 'ROLE_MANAGER' FROM public.users WHERE users.username = 'Admin';
INSERT INTO public.user_roles (user_id, user_role) SELECT users.user_id, 'ROLE_CLIENT' FROM public.users WHERE users.username = 'Admin';
INSERT INTO public.user_roles (user_id, user_role) SELECT users.user_id, 'ROLE_REGISTERED' FROM public.users WHERE users.username = 'Registered';
INSERT INTO public.user_roles (user_id, user_role) SELECT users.user_id, 'ROLE_CLIENT' FROM public.users WHERE users.username = 'Client';
INSERT INTO public.user_roles (user_id, user_role) SELECT users.user_id, 'ROLE_COURIER' FROM public.users WHERE users.username = 'Courier';
INSERT INTO public.user_roles (user_id, user_role) SELECT users.user_id, 'ROLE_MANAGER' FROM public.users WHERE users.username = 'Manager';
INSERT INTO public.user_roles (user_id, user_role) SELECT users.user_id, 'ROLE_PRODUCTOPER' FROM public.users WHERE users.username = 'Productoper';
INSERT INTO public.user_roles (user_id, user_role) SELECT users.user_id, 'ROLE_DISPATCHER' FROM public.users WHERE users.username = 'Dispatcher';

-- Insert Facilities
INSERT INTO public.facilities (facility_id,"name","version") VALUES (1,'SIPSoft Logistic',0);
INSERT INTO public.facilities (facility_id,"name","version") VALUES (2,'ПІДПРИЄМСТВО СПОЖИВЧОЇ КООПЕРАЦІЇ РАЙКООПЗАГОТПРОМ БОРИСПІЛЬСЬКОЇ РАЙСПОЖИВСПІЛКИ',0);
INSERT INTO public.facilities (facility_id,"name","version") VALUES (3,'КОМУНАЛЬНИЙ ЗАКЛАД ОХОРОНИ ЗДОРОВ"Я БАРВІНКІВСЬКА ЦЕНТРАЛЬНА РАЙОННА ЛІКАРНЯ',0);
INSERT INTO public.facilities (facility_id,"name","version") VALUES (4,'ВІДДІЛ КУЛЬТУРИ БОРИСЛАВСЬКОЇ МІСЬКОЇ РАДИ',0);
INSERT INTO public.facilities (facility_id,"name","version") VALUES (5,'ІНШІ ОРГАНІЗАЦІЙНО-ПРАВОВІ ФОРМИ МАШИНОБУДІВНИЙ ТЕХНІКУМ',0);
INSERT INTO public.facilities (facility_id,"name","version") VALUES (6,'ВІДКРИТЕ АКЦІОНЕРНЕ ТОВАРИСТВО "КЕРЧЕНСЬКИЙ ПИВЗАВОД"',0);
INSERT INTO public.facilities (facility_id,"name","version") VALUES (7,'ТОВАРИСТВО З ОБМЕЖЕНОЮ ВІДПОВІДАЛЬНІСТЮ "САВРАНСЬКИЙ ЗАВОД ПРОДОВОЛЬЧИХ ТОВАРІВ"',0);
INSERT INTO public.facilities (facility_id,"name","version") VALUES (8,'ТОВАРИСТВО З ОБМЕЖЕНОЮ ВІДПОВІДАЛЬНІСТЮ СІЛЬСЬКОГОСПОДАРСЬКЕ ТОВАРИСТВО З ОБМЕЖЕНОЮ ВІДПОВІДАЛЬНІСТЮ "МИРНА ДОЛИНА"',0);
INSERT INTO public.facilities (facility_id,"name","version") VALUES (9,'ВІДКРИТЕ АКЦІОНЕРНЕ ТОВАРИСТВО ЄНАКІЄВСЬКЕ СПЕЦІАЛІЗОВАНЕ РЕМОНТНЕ ПІДПРИЄМСТВО',0);
INSERT INTO public.facilities (facility_id,"name","version") VALUES (10,'ТОВАРИСТВО З ДОДАТКОВОЮ ВІДПОВІДАЛЬНІСТЮ "ЄНАКІЄВСЬКЕ СПЕЦІАЛІЗОВАНЕ РЕМОНТНЕ ПІДПРИЄМСТВО"',0);
INSERT INTO public.facilities (facility_id,"name","version") VALUES (11,'СПІЛКА СЕЛЯН "ЗЛАГОДА"',0);
INSERT INTO public.facilities (facility_id,"name","version") VALUES (12,'ТОВАРИСТВО З ОБМЕЖЕНОЮ ВІДПОВІДАЛЬНІСТЮ СІЛЬСЬКОГОСПОДАРСЬКЕ ТОВАРИСТВО З ОБМЕЖЕНОЮ ВІДПОВІДАЛЬНІСТЮ "ДРУЖБА"',0);
INSERT INTO public.facilities (facility_id,"name","version") VALUES (13,'ТОВАРИСТВО З ОБМЕЖЕНОЮ ВІДПОВІДАЛЬНІСТЮ ТОВАРИСТВО З ОБМЕЖЕНОЮ ВІДПОВІДАЛЬНІСТЮ "АВРОРА"',0);
INSERT INTO public.facilities (facility_id,"name","version") VALUES (14,'СУВОРОВСЬКА СІЛЬСЬКА РАДА',0);
INSERT INTO public.facilities (facility_id,"name","version") VALUES (15,'ПЕРВОМАЙСЬКИЙ ОБ`ЄДНАНИЙ МІСЬКИЙ ВІЙСЬКОВИЙ КОМІСАРІАТ ХАРКІВСЬКОЇ ОБЛАСТІ',0);
INSERT INTO public.facilities (facility_id,"name","version") VALUES (16,'ВЕЛИКООЛЕКСАНДРІВСЬКА СІЛЬСЬКА РАДА',0);
INSERT INTO public.facilities (facility_id,"name","version") VALUES (17,'КОСІВСЬКА СІЛЬСЬКА РАДА',0);
INSERT INTO public.facilities (facility_id,"name","version") VALUES (18,'СІЛЬСЬКОГОСПОДАРСЬКИЙ ВИРОБНИЧИЙ КООПЕРАТИВ "СТАРЕ"',0);
INSERT INTO public.facilities (facility_id,"name","version") VALUES (19,'КРЕМЕНЧУЦЬКЕ РАЙОННЕ КООПЕРАТИВНО-ДЕРЖАВНЕ БУДІВЕЛЬНО-МОНТАЖНЕ ОБ`ЄДНАННЯ "РАЙАГРОБУД"',0);
INSERT INTO public.facilities (facility_id,"name","version") VALUES (20,'МІСЬКА ДИТЯЧА ЛІКАРНЯ 4',0);
INSERT INTO public.facilities (facility_id,"name","version") VALUES (21,'КООПЕРАТИВ "ТРАДИЦІЯ"',0);
INSERT INTO public.facilities (facility_id,"name","version") VALUES (22,'ДЕРЖАВНЕ ПІДПРИЄМСТВО "ЦЕНТРАЛЬНИЙ РЕМОНТНИЙ ЗАВОД ЗАСОБІВ ЗВ`ЯЗКУ"',0);
INSERT INTO public.facilities (facility_id,"name","version") VALUES (23,'КЕЛЬМЕНЕЦЬКО - СОКИРЯНСЬКИЙ ОБЄ"ДНАНИЙ РАЙОННИЙ ВІЙСЬКОВИЙ КОМІСАРІАТ ЧЕРНІВЕЦЬКОЇ ОБЛАСТІ ЗАХІДНОГО ОПЕРАТИВНОГО КОМАНДУВАННЯ',0);
INSERT INTO public.facilities (facility_id,"name","version") VALUES (24,'ПРИВАТНЕ АКЦІОНЕРНЕ ТОВАРИСТВО "КРИМНДОПРОЕКТ"',0);
INSERT INTO public.facilities (facility_id,"name","version") VALUES (25,'ПРОФСПІЛКА РАБОТНІКІВ РПС',0);
INSERT INTO public.facilities (facility_id,"name","version") VALUES (26,'ДЕРЖАВНА ОРГАНІЗАЦІЯ (УСТАНОВА, ЗАКЛАД) ВОЛОДАРСЬКИЙ ВІДДІЛ У СПРАВАХ МОЛОДІ ТА СПОРТУ',0);
INSERT INTO public.facilities (facility_id,"name","version") VALUES (27,'ВІДДІЛ З ПИТАНЬ ФІЗИЧНОЇ КУЛЬТУРИ І СПОРТУ КОСТОПІЛЬСЬКОЇ РАЙОННОЇ ДЕРЖАВНОЇ АДМІНІСТРАЦІЇ',0);
INSERT INTO public.facilities (facility_id,"name","version") VALUES (28,'КОМУНАЛЬНЕ ПІДПРИЄМСТВО БРОВАРСЬКИЙ КОМБІНАТ КОМУНАЛЬНИХ ПІДПРИЄМСТВ',0);
INSERT INTO public.facilities (facility_id,"name","version") VALUES (29,'КОЛЕКТИВНЕ ПІДПРИЄМСТВО ХМІЛЬНИЦЬКЕ РАЙОННЕ КОЛЕКТИВНЕ ПІДПРИЄМСТВО ПО БУДІВНИЦТВУ НА СЕЛІ "ХМІЛЬНИКРАЙАГРОБУД"',0);
INSERT INTO public.facilities (facility_id,"name","version") VALUES (30,'КООПЕРАТИВ "МАЯК"',0);
INSERT INTO public.facilities (facility_id,"name","version") VALUES (31,'ТОВАРИСТВО З ОБМЕЖЕНОЮ ВІДПОВІДАЛЬНІСТЮ ВИРОБНИЧО-КОМЕРЦІЙНА ФІРМА "НАВЛАП"',0);
INSERT INTO public.facilities (facility_id,"name","version") VALUES (32,'КОЛЕКТИВНЕ ПІДПРИЄМСТВО "КОМУС"',0);
INSERT INTO public.facilities (facility_id,"name","version") VALUES (33,'ПРИВАТНЕ ПІДПРИЄМСТВО "КОМПАС"',0);
INSERT INTO public.facilities (facility_id,"name","version") VALUES (34,'КОМУНАЛЬНЕ ПІДПРИЄМСТВО  ТОРГІВЛІ "БРИГ"',0);
INSERT INTO public.facilities (facility_id,"name","version") VALUES (35,'ТОВАРИСТВО З ОБМЕЖЕНОЮ ВІДПОВІДАЛЬНІСТЮ "ВЕРНIСАЖ"',0);
INSERT INTO public.facilities (facility_id,"name","version") VALUES (36,'ПТВКП "СІКОРСЬКИЙ І ФЕДОРІ"',0);
INSERT INTO public.facilities (facility_id,"name","version") VALUES (37,'ТОВАРИСТВО З ОБМЕЖЕНОЮ ВІДПОВІДАЛЬНІСТЮ "ІТЦ НАУКА ЛТД"',0);
INSERT INTO public.facilities (facility_id,"name","version") VALUES (38,'ПРИВАТНЕ ПІДПРИЄМСТВО МАЛЕ ВПРОВАДЖУВАЛЬНЕ ПІДПРИЄМСТВО "ГАЛС"',0);
INSERT INTO public.facilities (facility_id,"name","version") VALUES (39,'ПРИВАТНЕ ПІДПРИЄМСТВО " ВИРОБНИЧО-КОМЕРЦІЙНА ФІРМА "ЯРОСЛАВНА"',0);
INSERT INTO public.facilities (facility_id,"name","version") VALUES (40,'ПРИВАТНЕ ПІДПРИЄМСТВО ПРИВАТНА ФІРМА "СТРІЛЕЦЬ" (МАЛЕ ПІДПРИЄМСТВО)',0);
INSERT INTO public.facilities (facility_id,"name","version") VALUES (41,'ТОВАРИСТВО З ОБМЕЖЕНОЮ ВІДПОВІДАЛЬНІСТЮ "ФІРМА "ТРІАДА"',0);
INSERT INTO public.facilities (facility_id,"name","version") VALUES (42,'ЗАКРИТЕ АКЦІОНЕРНЕ ТОВАРИСТВО "АГРОСЕРВІС"',0);
INSERT INTO public.facilities (facility_id,"name","version") VALUES (43,'СПІЛЬНЕ ПІДПРИЄМСТВО СПІЛЬНЕ НАУКОВО-ВИРОБНИЧЕ ПІДПРИЄМСТВО "ПРІЗ-ІНТЕКОН"',0);
INSERT INTO public.facilities (facility_id,"name","version") VALUES (44,'ПЕРУКАРНЯ 6 "ЧАРОДІЙКА"',0);
INSERT INTO public.facilities (facility_id,"name","version") VALUES (45,'ТОВАРИСТВО З ОБМЕЖЕНОЮ ВІДПОВІДАЛЬНІСТЮ "ТЕКО"',0);
INSERT INTO public.facilities (facility_id,"name","version") VALUES (46,'ПРИВАТНЕ ПІДПРИЄМСТВО МАЛЕ ПРИВАТНЕ ПІДПРИЄМСТВО "ТРІОН"',0);
INSERT INTO public.facilities (facility_id,"name","version") VALUES (47,'ПРИВАТНЕ ПІДПРИЄМСТВО МАЛЕ ПРИВАТНЕ ПІДПРИЄМСТВО "ВЛАТА"',0);
INSERT INTO public.facilities (facility_id,"name","version") VALUES (48,'АСОЦІАЦІЯ "ПРОГРЕС"',0);
INSERT INTO public.facilities (facility_id,"name","version") VALUES (49,'ТОВАРИСТВО З ОБМЕЖЕНОЮ ВІДПОВІДАЛЬНІСТЮ "ТЕРНОСЕРВІС"',0);
INSERT INTO public.facilities (facility_id,"name","version") VALUES (50,'ТОВАРИСТВО З ОБМЕЖЕНОЮ ВІДПОВІДАЛЬНІСТЮ "ТД"ПІВДЕННИЙ РЕГІОНАЛЬНИЙ КОМЕРЦІЙНИЙ КОНЦЕРН І К"',0);
INSERT INTO public.facilities (facility_id,"name","version") VALUES (51,'МАЛЕ КОЛЕКТИВНЕ ПІДПРИЄМСТВО "СОЛОМІТ"',0);
INSERT INTO public.facilities (facility_id,"name","version") VALUES (52,'ПРИВАТНЕ ПІДПРИЄМСТВО "ЕДВАРД"',0);
INSERT INTO public.facilities (facility_id,"name","version") VALUES (53,'ПРИВАТНЕ ПІДПРИЄМСТВО "ЛАВЕРНА"',0);
INSERT INTO public.facilities (facility_id,"name","version") VALUES (55,'МАЛЕ ПІДПРИЄМСТВО "ЛАРІ"',0);
INSERT INTO public.facilities (facility_id,"name","version") VALUES (54,'ПРИВАТНА АУДИТОРСЬКА ФІРМА "БІЗНЕС-КЛУБ"',0);
INSERT INTO public.facilities (facility_id,"name","version") VALUES (56,'ТОВАРИСТВО З ОБМЕЖЕНОЮ ВІДПОВІДАЛЬНІСТЮ "БУДІНВЕСТ"',0);
INSERT INTO public.facilities (facility_id,"name","version") VALUES (57,'ТОВАРИСТВО З ОБМЕЖЕНОЮ ВІДПОВІДАЛЬНІСТЮ "ВІМЕС"',0);
INSERT INTO public.facilities (facility_id,"name","version") VALUES (58,'Новая почта',0);
INSERT INTO public.facilities (facility_id,"name","version") VALUES (59,'"ТЕКФІЛ"',0);
INSERT INTO public.facilities (facility_id,"name","version") VALUES (60,'ТОВАРИСТВО З ОБМЕЖЕНОЮ ВІДПОВІДАЛЬНІСТЮ "БРІГУС"',0);
INSERT INTO public.facilities (facility_id,"name","version") VALUES (61,'ФІЛІЯ ДЕРЖАВНОГО МАЛОГО ПІДПРИЄМСТВА " ЛАКТЄПС"',0);
INSERT INTO public.facilities (facility_id,"name","version") VALUES (62,'ТОВАРИСТВО З ОБМЕЖЕНОЮ ВІДПОВІДАЛЬНІСТЮ "ВІСКО"',0);
INSERT INTO public.facilities (facility_id,"name","version") VALUES (63,'МАЛЕ ПІДПРИЄМСТВО ФІРМА "САНДАЛ"',0);
INSERT INTO public.facilities (facility_id,"name","version") VALUES (64,'ТОВАРИСТВО З ОБМЕЖЕНОЮ ВІДПОВІДАЛЬНІСТЮ "АТОС"',0);
INSERT INTO public.facilities (facility_id,"name","version") VALUES (65,'ПРИВАТНЕ ПІДПРИЄМСТВО  "ПРИСТ-В"',0);
INSERT INTO public.facilities (facility_id,"name","version") VALUES (66,'ПРИВАТНЕ ПІДПРИЄМСТВО "ЛАНТА"',0);
INSERT INTO public.facilities (facility_id,"name","version") VALUES (67,'ТОВАРИСТВО З ОБМЕЖЕНОЮ ВІДПОВІДАЛЬНІСТЮ "ІНВЕСТСЕРВІС"',0);
INSERT INTO public.facilities (facility_id,"name","version") VALUES (68,'ПРИВАТНЕ ПІДПРИЄМСТВО "777"',0);
INSERT INTO public.facilities (facility_id,"name","version") VALUES (69,'ТОВАРИСТВО З ОБМЕЖЕНОЮ ВІДПОВІДАЛЬНІСТЮ "РТМ"',0);
INSERT INTO public.facilities (facility_id,"name","version") VALUES (70,'КОЛЕКТИВНЕ ПІДПРИЄМСТВО  "СРОЧНИЙ РЕМОНТ ОБУВІ"',0);
INSERT INTO public.facilities (facility_id,"name","version") VALUES (71,'ЛЬВІВСЬКЕ КОМУНАЛЬНЕ РЕМОНТНО-АВАРІЙНЕ ПІДПРИЄМСТВО',0);
INSERT INTO public.facilities (facility_id,"name","version") VALUES (72,'ТОВАРИСТВО З ОБМЕЖЕНОЮ ВІДПОВІДАЛЬНІСТЮ "М-ЦЕНТР ЛТД"',0);
INSERT INTO public.facilities (facility_id,"name","version") VALUES (73,'ІНШІ ОРГАНІЗАЦІЙНО-ПРАВОВІ ФОРМИ КООПЕРАТИВ "БУДІВЕЛЬНИК"',0);
INSERT INTO public.facilities (facility_id,"name","version") VALUES (74,'КОЛЕКТИВНЕ ПІДПРИЄМСТВО МАГАЗИН N110 "ВОЛОШКА"',0);
INSERT INTO public.facilities (facility_id,"name","version") VALUES (75,'ПРИВАТНЕ ПІДПРИЄМСТВО МАЛЕ ПРИВАТНЕ ПІДПРИЄМСТВО "ВАСА"',0);
INSERT INTO public.facilities (facility_id,"name","version") VALUES (76,'ТОВАРИСТВО З ОБМЕЖЕНОЮ ВІДПОВІДАЛЬНІСТЮ "ІВС"',0);
INSERT INTO public.facilities (facility_id,"name","version") VALUES (77,'ЗАГАЛЬНООСВІТНЯ ШКОЛА І-ІІІ СТУПЕНІВ С.ОГЛЯДІВ РАДЕХІВСЬКОГО РАЙОНУ ЛЬВІВСЬКОЇ ОБЛАСТІ',0);
INSERT INTO public.facilities (facility_id,"name","version") VALUES (78,'ПРИВАТНЕ ПІДПРИЄМСТВО "ФІРМА "ЧОРНОЗЕМ`Я"',0);
INSERT INTO public.facilities (facility_id,"name","version") VALUES (79,'АВТОГАРАЖНИЙ КООПЕРАТИВ "ЮЖНИЙ"',0);
INSERT INTO public.facilities (facility_id,"name","version") VALUES (80,'ТОВАРИСТВО З ОБМЕЖЕНОЮ ВІДПОВІДАЛЬНІСТЮ "БРУНО ЛТД"',0);
INSERT INTO public.facilities (facility_id,"name","version") VALUES (81,'РЕЛІГІЙНА ОРГАНІЗАЦІЯ "ПАРАФІЯ РІЗДВА ПРЕСВЯТОЇ БОГОРОДИЦІ С. ПОКРОПИВНА КОЗІВСЬКОГО РАЙОНУ ТЕРНОПІЛЬСЬКО-ЗБОРІВСЬКОЇ АРХИЄПАРХІЇ УКРАЇНСЬКОЇ ГРЕКО-КАТОЛИЦЬКОЇ ЦЕРКВИ"',0);
INSERT INTO public.facilities (facility_id,"name","version") VALUES (82,'ТОВАРИСТВО З ОБМЕЖЕНОЮ ВІДПОВІДАЛЬНІСТЮ "СІЧЕНЬ"',0);
INSERT INTO public.facilities (facility_id,"name","version") VALUES (83,'ПРИВАТНЕ ПІДПРИЄМСТВО МАЛЕ ПРИВАТНЕ ПІДПРИЄМСТВО "ЕКСЕЛЕНС"',0);
INSERT INTO public.facilities (facility_id,"name","version") VALUES (84,'ПРИВАТНЕ ПІДПРИЄМСТВО МАЛЕ ПРИВАТНЕ ПІДПРИЄМСТВО "ЮНІО"',0);
INSERT INTO public.facilities (facility_id,"name","version") VALUES (85,'ПРИВАТНЕ ПІДПРИЄМСТВО "АКУМОЛ"',0);
INSERT INTO public.facilities (facility_id,"name","version") VALUES (86,'АКЦІОНЕРНЕ ТОВАРИСТВО "МАЯК"',0);
INSERT INTO public.facilities (facility_id,"name","version") VALUES (87,'ТОВАРИСТВО З ОБМЕЖЕНОЮ ВІДПОВІДАЛЬНІСТЮ ФІРМА "ДОНА"',0);
INSERT INTO public.facilities (facility_id,"name","version") VALUES (88,'ЗАКРИТЕ АКЦІОНЕРНЕ ТОВАРИСТВО "ІЛІС-КОМ"',0);
INSERT INTO public.facilities (facility_id,"name","version") VALUES (89,'ТОВАРИСТВО З ОБМЕЖЕНОЮ ВІДПОВІДАЛЬНІСТЮ "НАУКОВО-ВИРОБНИЧЕ ОБ`ЄДНАННЯ "ДРУЗА ЛТД"',0);
INSERT INTO public.facilities (facility_id,"name","version") VALUES (90,'САДІВНИЧЕ ТОВАРИСТВО  "ФРУКТОВИЙ"',0);
INSERT INTO public.facilities (facility_id,"name","version") VALUES (91,'ПРИВАТНЕ ПІДПРИЄМСТВО "НІКА"',0);
INSERT INTO public.facilities (facility_id,"name","version") VALUES (92,'ТОВАРИСТВО З ОБМЕЖЕНОЮ ВІДПОВІДАЛЬНІСТЮ НАУКОВО-ВИРОБНИЧЕ ПІДПРИЄМСТВО "ВІЛТЕКС"',0);
INSERT INTO public.facilities (facility_id,"name","version") VALUES (93,'СЕЛЯНСЬКЕ (ФЕРМЕРСЬКЕ) ГОСПОДАРСТВО "ЛУЧ"',0);
INSERT INTO public.facilities (facility_id,"name","version") VALUES (94,'ПРИВАТНЕ ПІДПРИЄМСТВО МАЛЕ ПРИВАТНЕ ПІДПРИЄМСТВО "ФІРМА "АЛЕКС-Р"',0);
INSERT INTO public.facilities (facility_id,"name","version") VALUES (95,'ДОЧІРНЄ ПІДПРИЄМСТВО "АЛМАЗ"',0);
INSERT INTO public.facilities (facility_id,"name","version") VALUES (96,'ПРИВАТНЕ ПІДПРИЄМСТВО "НАУКОВО-ВИРОБНИЧА ФІРМА "СІНКОМ"',0);
INSERT INTO public.facilities (facility_id,"name","version") VALUES (97,'ПРИВАТНЕ ПІДПРИЄМСТВО "СНЕЙК"',0);
INSERT INTO public.facilities (facility_id,"name","version") VALUES (98,'МАЛЕ ПІДПРИЄМСТВО "САЛАМАНДРА"',0);
INSERT INTO public.facilities (facility_id,"name","version") VALUES (99,'ТОВАРИСТВО З ОБМЕЖЕНОЮ ВІДПОВІДАЛЬНІСТЮ  "СКБ,СВЄТ"',0);
INSERT INTO public.facilities (facility_id,"name","version") VALUES (100,'ТОВАРИСТВО З ОБМЕЖЕНОЮ ВІДПОВІДАЛЬНІСТЮ "СЛУЖБА ЧАСУ"',0);
alter sequence hibernate_sequence restart with 101;

-- Insert Facility Addresses
INSERT INTO "facility_address" (id,address,address_alias,default_address,geocoordinates,version,facility_id) VALUES (1,'Космическая 32','заправка','false','40.78167, 45.82599','0',1);
INSERT INTO "facility_address" (id,address,address_alias,default_address,geocoordinates,version,facility_id) VALUES (2,'255-1117 Sit Street','024604381-00004','false','62.2445, -179.65653','0',14);
INSERT INTO "facility_address" (id,address,address_alias,default_address,geocoordinates,version,facility_id) VALUES (3,'6858 Blandit Ave','500695747-00005','false','-87.64212, 136.65507','0',52);
INSERT INTO "facility_address" (id,address,address_alias,default_address,geocoordinates,version,facility_id) VALUES (4,'Ap #890-6340 Nec, St.','890892698-00006','false','-38.29505, 3.64044','0',62);
INSERT INTO "facility_address" (id,address,address_alias,default_address,geocoordinates,version,facility_id) VALUES (5,'P.O. Box 195, 7325 Ullamcorper St.','827738394-00002','false','-44.87984, -7.3756','0',88);
INSERT INTO "facility_address" (id,address,address_alias,default_address,geocoordinates,version,facility_id) VALUES (6,'Ap #146-7540 Mi Rd.','222878316-00009','false','-62.73613, -47.11421','0',39);
INSERT INTO "facility_address" (id,address,address_alias,default_address,geocoordinates,version,facility_id) VALUES (7,'301-6416 Suspendisse Avenue','211777263-00008','false','-40.91355, 25.44035','0',56);
INSERT INTO "facility_address" (id,address,address_alias,default_address,geocoordinates,version,facility_id) VALUES (8,'4172 A Rd.','330869322-00009','false','48.42402, -164.59659','0',76);
INSERT INTO "facility_address" (id,address,address_alias,default_address,geocoordinates,version,facility_id) VALUES (9,'2266 Phasellus Rd.','427012703-00000','false','5.08975, -42.64746','0',51);
INSERT INTO "facility_address" (id,address,address_alias,default_address,geocoordinates,version,facility_id) VALUES (10,'2135 Orci, Rd.','778418376-00001','false','-25.61378, -28.87284','0',85);
INSERT INTO "facility_address" (id,address,address_alias,default_address,geocoordinates,version,facility_id) VALUES (11,'726-2118 Risus St.','251514634-00004','false','-13.57593, 71.79433','0',97);
INSERT INTO "facility_address" (id,address,address_alias,default_address,geocoordinates,version,facility_id) VALUES (12,'646-4234 Sem. Ave','630351559-00004','false','-80.13686, -25.82356','0',63);
INSERT INTO "facility_address" (id,address,address_alias,default_address,geocoordinates,version,facility_id) VALUES (13,'145 Odio. St.','750086126-00000','false','-17.82553, 104.14398','0',23);
INSERT INTO "facility_address" (id,address,address_alias,default_address,geocoordinates,version,facility_id) VALUES (14,'P.O. Box 389, 9832 Non Avenue','369880893-00002','false','4.45696, -17.99728','0',90);
INSERT INTO "facility_address" (id,address,address_alias,default_address,geocoordinates,version,facility_id) VALUES (15,'Ap #481-5121 Felis Ave','136986619-00007','false','73.52604, -57.59977','0',92);
INSERT INTO "facility_address" (id,address,address_alias,default_address,geocoordinates,version,facility_id) VALUES (16,'Ap #382-7706 Ac St.','174495358-00007','false','65.61933, 39.71308','0',82);
INSERT INTO "facility_address" (id,address,address_alias,default_address,geocoordinates,version,facility_id) VALUES (17,'380-8195 Arcu. Rd.','984086850-00000','false','88.26596, -43.68769','0',88);
INSERT INTO "facility_address" (id,address,address_alias,default_address,geocoordinates,version,facility_id) VALUES (18,'Ap #261-2412 Aliquam Ave','955521596-00002','false','-50.88867, 70.26596','0',31);
INSERT INTO "facility_address" (id,address,address_alias,default_address,geocoordinates,version,facility_id) VALUES (19,'2377 Nunc St.','141403220-00009','false','-18.84239, -137.56522','0',50);
INSERT INTO "facility_address" (id,address,address_alias,default_address,geocoordinates,version,facility_id) VALUES (20,'8182 Sed, St.','112316021-00008','false','-39.46617, -141.56941','0',31);
INSERT INTO "facility_address" (id,address,address_alias,default_address,geocoordinates,version,facility_id) VALUES (21,'Ap #964-1870 Sed Street','534222427-00005','false','-17.84004, 88.3546','0',77);
INSERT INTO "facility_address" (id,address,address_alias,default_address,geocoordinates,version,facility_id) VALUES (22,'Ap #453-7653 Ut Ave','585010580-00009','false','8.48315, 58.00278','0',56);
INSERT INTO "facility_address" (id,address,address_alias,default_address,geocoordinates,version,facility_id) VALUES (23,'P.O. Box 358, 1370 Non, Avenue','247466527-00006','false','5.97172, -146.81286','0',85);
INSERT INTO "facility_address" (id,address,address_alias,default_address,geocoordinates,version,facility_id) VALUES (24,'P.O. Box 839, 3346 Mauris Rd.','674094032-00002','false','-34.62761, 16.85255','0',36);
INSERT INTO "facility_address" (id,address,address_alias,default_address,geocoordinates,version,facility_id) VALUES (25,'P.O. Box 467, 3776 Nibh. St.','806989042-00007','false','89.83851, 140.02704','0',88);
INSERT INTO "facility_address" (id,address,address_alias,default_address,geocoordinates,version,facility_id) VALUES (26,'232-4576 Auctor St.','749749412-00005','false','-51.18759, -44.49649','0',85);
INSERT INTO "facility_address" (id,address,address_alias,default_address,geocoordinates,version,facility_id) VALUES (27,'Ap #580-5192 Nunc. St.','914095724-00003','false','86.32518, 72.11584','0',84);
INSERT INTO "facility_address" (id,address,address_alias,default_address,geocoordinates,version,facility_id) VALUES (28,'P.O. Box 368, 6586 Laoreet St.','045615614-00000','false','81.40513, -158.10078','0',46);
INSERT INTO "facility_address" (id,address,address_alias,default_address,geocoordinates,version,facility_id) VALUES (29,'P.O. Box 145, 3665 Nibh Street','156955676-00002','false','-76.81155, -158.72068','0',91);
INSERT INTO "facility_address" (id,address,address_alias,default_address,geocoordinates,version,facility_id) VALUES (30,'Ap #483-2712 Iaculis, Av.','835553793-00000','false','-14.45601, -96.60489','0',96);
INSERT INTO "facility_address" (id,address,address_alias,default_address,geocoordinates,version,facility_id) VALUES (31,'Ap #948-6157 Nullam Rd.','964260848-00004','false','88.12868, -95.80268','0',86);
INSERT INTO "facility_address" (id,address,address_alias,default_address,geocoordinates,version,facility_id) VALUES (32,'Ap #566-3276 Arcu. Avenue','795961739-00005','false','-77.65863, 135.30566','0',55);
INSERT INTO "facility_address" (id,address,address_alias,default_address,geocoordinates,version,facility_id) VALUES (33,'P.O. Box 999, 2444 Lorem Av.','998623508-00004','false','-60.94942, -96.94781','0',28);
INSERT INTO "facility_address" (id,address,address_alias,default_address,geocoordinates,version,facility_id) VALUES (34,'P.O. Box 868, 4186 Venenatis Rd.','615685633-00005','false','23.34032, -45.49779','0',18);
INSERT INTO "facility_address" (id,address,address_alias,default_address,geocoordinates,version,facility_id) VALUES (35,'Ap #727-9911 Aenean Avenue','548145325-00005','false','35.54843, -164.6584','0',15);
INSERT INTO "facility_address" (id,address,address_alias,default_address,geocoordinates,version,facility_id) VALUES (36,'Ap #427-7741 Quisque Rd.','863936688-00002','false','58.79354, 39.54605','0',25);
INSERT INTO "facility_address" (id,address,address_alias,default_address,geocoordinates,version,facility_id) VALUES (37,'Ap #439-5458 Consectetuer Ave','361382021-00000','false','65.56352, 132.77386','0',18);
INSERT INTO "facility_address" (id,address,address_alias,default_address,geocoordinates,version,facility_id) VALUES (38,'Ap #849-5378 Purus Av.','073787418-00000','false','47.49089, -88.20528','0',45);
INSERT INTO "facility_address" (id,address,address_alias,default_address,geocoordinates,version,facility_id) VALUES (39,'Ap #787-3240 Nisi St.','999291784-00000','false','-79.59808, -175.87065','0',32);
INSERT INTO "facility_address" (id,address,address_alias,default_address,geocoordinates,version,facility_id) VALUES (40,'1622 Velit. Av.','098526700-00004','false','-55.44348, -2.15323','0',57);
INSERT INTO "facility_address" (id,address,address_alias,default_address,geocoordinates,version,facility_id) VALUES (41,'P.O. Box 261, 9609 Placerat. Ave','795564616-00006','false','-59.76739, 29.26948','0',33);
INSERT INTO "facility_address" (id,address,address_alias,default_address,geocoordinates,version,facility_id) VALUES (42,'5224 Sed Ave','741109490-00002','false','33.05681, -82.56709','0',41);
INSERT INTO "facility_address" (id,address,address_alias,default_address,geocoordinates,version,facility_id) VALUES (43,'P.O. Box 843, 7439 Sit Rd.','355675471-00005','false','-49.11706, 136.19447','0',83);
INSERT INTO "facility_address" (id,address,address_alias,default_address,geocoordinates,version,facility_id) VALUES (44,'5430 Eu, St.','863341665-00009','false','72.08963, -23.27034','0',100);
INSERT INTO "facility_address" (id,address,address_alias,default_address,geocoordinates,version,facility_id) VALUES (45,'335-8270 Lectus Street','424124311-00004','false','-80.985, 161.79547','0',84);
INSERT INTO "facility_address" (id,address,address_alias,default_address,geocoordinates,version,facility_id) VALUES (46,'Ap #169-9765 Non Road','401054390-00000','false','30.59475, -46.67809','0',5);
INSERT INTO "facility_address" (id,address,address_alias,default_address,geocoordinates,version,facility_id) VALUES (47,'600-7360 Vehicula. Ave','143634699-00001','false','-80.98872, -156.20333','0',24);
INSERT INTO "facility_address" (id,address,address_alias,default_address,geocoordinates,version,facility_id) VALUES (48,'1131 Donec Ave','581477155-00005','false','23.46158, -65.04241','0',92);
INSERT INTO "facility_address" (id,address,address_alias,default_address,geocoordinates,version,facility_id) VALUES (49,'Ap #606-1978 Amet Avenue','235286648-00003','false','67.3592, 90.54065','0',33);
INSERT INTO "facility_address" (id,address,address_alias,default_address,geocoordinates,version,facility_id) VALUES (50,'937-8285 Ante Street','901279026-00008','false','16.04708, -121.76714','0',32);
INSERT INTO "facility_address" (id,address,address_alias,default_address,geocoordinates,version,facility_id) VALUES (51,'7153 Porta Rd.','457987980-00002','false','-61.96211, -91.08317','0',5);
INSERT INTO "facility_address" (id,address,address_alias,default_address,geocoordinates,version,facility_id) VALUES (52,'Ap #431-2208 Facilisis St.','701346579-00009','false','57.64893, -73.98036','0',34);
INSERT INTO "facility_address" (id,address,address_alias,default_address,geocoordinates,version,facility_id) VALUES (53,'P.O. Box 997, 9133 In Rd.','791596190-00003','false','36.45321, 140.08052','0',98);
INSERT INTO "facility_address" (id,address,address_alias,default_address,geocoordinates,version,facility_id) VALUES (54,'5162 Placerat, Rd.','774196372-00007','false','-82.77023, 104.64715','0',32);
INSERT INTO "facility_address" (id,address,address_alias,default_address,geocoordinates,version,facility_id) VALUES (55,'Ap #363-5469 Adipiscing. Av.','222149882-00003','false','-57.82968, -161.16568','0',64);
INSERT INTO "facility_address" (id,address,address_alias,default_address,geocoordinates,version,facility_id) VALUES (56,'P.O. Box 892, 8494 Fusce Road','088874854-00008','false','28.46941, 24.96711','0',9);
INSERT INTO "facility_address" (id,address,address_alias,default_address,geocoordinates,version,facility_id) VALUES (57,'5572 Venenatis Rd.','441914090-00002','false','24.16878, 122.95176','0',94);
INSERT INTO "facility_address" (id,address,address_alias,default_address,geocoordinates,version,facility_id) VALUES (58,'P.O. Box 109, 9610 Arcu Av.','249383365-00007','false','49.55299, -23.32671','0',20);
INSERT INTO "facility_address" (id,address,address_alias,default_address,geocoordinates,version,facility_id) VALUES (59,'Ap #497-9956 Sagittis Ave','348377482-00008','false','-70.77766, -12.38516','0',69);
INSERT INTO "facility_address" (id,address,address_alias,default_address,geocoordinates,version,facility_id) VALUES (60,'Ap #928-5117 Odio. Street','425904216-00008','false','-48.39143, -149.25156','0',86);
INSERT INTO "facility_address" (id,address,address_alias,default_address,geocoordinates,version,facility_id) VALUES (61,'995-3267 Nisi Avenue','778503094-00006','false','-7.25772, 30.52248','0',59);
INSERT INTO "facility_address" (id,address,address_alias,default_address,geocoordinates,version,facility_id) VALUES (62,'P.O. Box 919, 994 Dui Avenue','879122919-00001','false','-4.77434, 148.30155','0',87);
INSERT INTO "facility_address" (id,address,address_alias,default_address,geocoordinates,version,facility_id) VALUES (63,'Незалежної України 68','SIPSoft','true','47.847024, 35.129344','0',1);
INSERT INTO "facility_address" (id,address,address_alias,default_address,geocoordinates,version,facility_id) VALUES (64,'4333 Non St.','396820557-00009','false','63.1251, 37.98557','0',98);
INSERT INTO "facility_address" (id,address,address_alias,default_address,geocoordinates,version,facility_id) VALUES (65,'736-8996 Mauris Street','359829447-00002','false','-24.65035, -120.23261','0',86);
INSERT INTO "facility_address" (id,address,address_alias,default_address,geocoordinates,version,facility_id) VALUES (66,'P.O. Box 731, 9927 Lorem Rd.','765894506-00003','false','20.72615, 58.98794','0',22);
INSERT INTO "facility_address" (id,address,address_alias,default_address,geocoordinates,version,facility_id) VALUES (67,'P.O. Box 728, 712 Sed, Avenue','478123110-00007','false','-51.54964, -41.38009','0',57);
INSERT INTO "facility_address" (id,address,address_alias,default_address,geocoordinates,version,facility_id) VALUES (68,'Ap #649-9998 Dictum Rd.','225439108-00005','false','-2.50115, -61.41275','0',65);
INSERT INTO "facility_address" (id,address,address_alias,default_address,geocoordinates,version,facility_id) VALUES (69,'P.O. Box 870, 2029 Dis Street','807209754-00009','false','20.16378, 141.26232','0',16);
INSERT INTO "facility_address" (id,address,address_alias,default_address,geocoordinates,version,facility_id) VALUES (70,'P.O. Box 319, 1739 Libero. Rd.','676895113-00006','false','7.50562, -175.15286','0',8);
INSERT INTO "facility_address" (id,address,address_alias,default_address,geocoordinates,version,facility_id) VALUES (71,'315-985 Sem Street','896954021-00003','false','-43.77633, 176.65092','0',43);
INSERT INTO "facility_address" (id,address,address_alias,default_address,geocoordinates,version,facility_id) VALUES (72,'214-7880 Et Rd.','511189110-00006','false','85.83523, 1.73265','0',2);
INSERT INTO "facility_address" (id,address,address_alias,default_address,geocoordinates,version,facility_id) VALUES (73,'Ap #764-1310 Semper, Ave','252566310-00006','false','57.93478, 19.51063','0',21);
INSERT INTO "facility_address" (id,address,address_alias,default_address,geocoordinates,version,facility_id) VALUES (74,'Ap #478-4882 Penatibus Avenue','529713935-00003','false','-84.84034, -62.70481','0',46);
INSERT INTO "facility_address" (id,address,address_alias,default_address,geocoordinates,version,facility_id) VALUES (75,'687-8703 Feugiat Av.','804172070-00000','false','-11.99702, -90.99681','0',51);
INSERT INTO "facility_address" (id,address,address_alias,default_address,geocoordinates,version,facility_id) VALUES (76,'P.O. Box 869, 1822 Sapien Street','883040776-00006','false','42.26672, -21.70113','0',35);
INSERT INTO "facility_address" (id,address,address_alias,default_address,geocoordinates,version,facility_id) VALUES (77,'7863 Duis Road','166564427-00002','false','11.15401, -84.3055','0',100);
INSERT INTO "facility_address" (id,address,address_alias,default_address,geocoordinates,version,facility_id) VALUES (78,'Ap #663-8795 Amet, Road','317918373-00000','false','-71.45893, -18.20918','0',55);
INSERT INTO "facility_address" (id,address,address_alias,default_address,geocoordinates,version,facility_id) VALUES (79,'7152 Vivamus St.','410622435-00007','false','9.46767, -178.16599','0',81);
INSERT INTO "facility_address" (id,address,address_alias,default_address,geocoordinates,version,facility_id) VALUES (80,'930 Vel, Ave','269219275-00006','false','38.67214, 44.32917','0',24);
INSERT INTO "facility_address" (id,address,address_alias,default_address,geocoordinates,version,facility_id) VALUES (81,'P.O. Box 288, 6808 Aliquet, Avenue','662261288-00002','false','74.48436, -162.07253','0',84);
INSERT INTO "facility_address" (id,address,address_alias,default_address,geocoordinates,version,facility_id) VALUES (82,'P.O. Box 459, 2899 Lorem, St.','748771862-00004','false','40.22367, 171.08513','0',68);
INSERT INTO "facility_address" (id,address,address_alias,default_address,geocoordinates,version,facility_id) VALUES (83,'336-2287 Vestibulum Road','168035798-00003','false','-56.24399, 90.24191','0',30);
INSERT INTO "facility_address" (id,address,address_alias,default_address,geocoordinates,version,facility_id) VALUES (84,'Ap #803-5749 A, Ave','669784548-00002','false','-53.26472, 178.8137','0',6);
INSERT INTO "facility_address" (id,address,address_alias,default_address,geocoordinates,version,facility_id) VALUES (85,'245 Donec St.','624085940-00002','false','67.21975, -150.74462','0',96);
INSERT INTO "facility_address" (id,address,address_alias,default_address,geocoordinates,version,facility_id) VALUES (86,'2673 Eu St.','839303161-00005','false','34.12214, 19.40815','0',72);
INSERT INTO "facility_address" (id,address,address_alias,default_address,geocoordinates,version,facility_id) VALUES (87,'Ap #922-5704 Hendrerit. Ave','167850072-00007','false','30.01767, 137.40453','0',15);
INSERT INTO "facility_address" (id,address,address_alias,default_address,geocoordinates,version,facility_id) VALUES (88,'P.O. Box 347, 8168 Auctor Rd.','748222031-00001','false','70.99311, 46.62792','0',87);
INSERT INTO "facility_address" (id,address,address_alias,default_address,geocoordinates,version,facility_id) VALUES (89,'803-5733 Vel, Rd.','521522110-00001','false','-17.61374, -25.83456','0',92);
INSERT INTO "facility_address" (id,address,address_alias,default_address,geocoordinates,version,facility_id) VALUES (90,'732-3360 Quam St.','047149406-00002','false','-21.13649, 63.53903','0',68);
INSERT INTO "facility_address" (id,address,address_alias,default_address,geocoordinates,version,facility_id) VALUES (91,'205-420 Semper. Rd.','469380331-00006','false','-12.6501, 69.58102','0',65);
INSERT INTO "facility_address" (id,address,address_alias,default_address,geocoordinates,version,facility_id) VALUES (92,'P.O. Box 522, 4534 Sollicitudin Street','471732818-00003','false','29.80776, -124.80208','0',53);
INSERT INTO "facility_address" (id,address,address_alias,default_address,geocoordinates,version,facility_id) VALUES (93,'874-4330 Diam. Av.','906959127-00000','false','8.4155, -84.63711','0',66);
INSERT INTO "facility_address" (id,address,address_alias,default_address,geocoordinates,version,facility_id) VALUES (94,'P.O. Box 162, 3705 Parturient Ave','655954089-00000','false','-87.08719, -82.68935','0',44);
INSERT INTO "facility_address" (id,address,address_alias,default_address,geocoordinates,version,facility_id) VALUES (95,'P.O. Box 767, 3423 Dictum Rd.','777657651-00009','false','63.81486, -102.74264','0',82);
INSERT INTO "facility_address" (id,address,address_alias,default_address,geocoordinates,version,facility_id) VALUES (96,'Ap #361-4479 Sodales Rd.','452002694-00001','false','31.37948, -79.49198','0',4);
INSERT INTO "facility_address" (id,address,address_alias,default_address,geocoordinates,version,facility_id) VALUES (97,'Ap #843-3547 Ac Avenue','839868205-00007','false','29.88624, -55.479','0',32);
INSERT INTO "facility_address" (id,address,address_alias,default_address,geocoordinates,version,facility_id) VALUES (98,'436 Risus. St.','411817992-00000','false','55.65743, -65.90274','0',94);
INSERT INTO "facility_address" (id,address,address_alias,default_address,geocoordinates,version,facility_id) VALUES (99,'P.O. Box 544, 8529 Pharetra Road','506500115-00007','false','8.42687, -89.2126','0',72);
INSERT INTO "facility_address" (id,address,address_alias,default_address,geocoordinates,version,facility_id) VALUES (100,'Ap #835-6717 Eget St.','773331145-00005','false','51.33006, 18.51803','0',74);
INSERT INTO "facility_address" (id,address,address_alias,default_address,geocoordinates,version,facility_id) VALUES (101,'Ap #249-6593 Suscipit Av.','319726733-00003','false','-54.13665, -69.75465','0',3);
INSERT INTO "facility_address" (id,address,address_alias,default_address,geocoordinates,version,facility_id) VALUES (102,'Ap #413-3373 Praesent St.','919584672-00001','false','7.72786, -64.15168','0',69);
INSERT INTO "facility_address" (id,address,address_alias,default_address,geocoordinates,version,facility_id) VALUES (103,'Ap #961-3160 Tristique St.','348802646-00003','false','35.64858, 65.61809','0',71);
INSERT INTO "facility_address" (id,address,address_alias,default_address,geocoordinates,version,facility_id) VALUES (104,'8871 Penatibus Street','803224526-00001','false','-57.23433, -2.78982','0',66);
INSERT INTO "facility_address" (id,address,address_alias,default_address,geocoordinates,version,facility_id) VALUES (105,'6905 Orci, St.','825758782-00007','false','58.89634, 9.96918','0',57);
INSERT INTO "facility_address" (id,address,address_alias,default_address,geocoordinates,version,facility_id) VALUES (106,'Ap #474-6095 Mollis St.','265168120-00003','false','-30.48981, -43.32793','0',2);
INSERT INTO "facility_address" (id,address,address_alias,default_address,geocoordinates,version,facility_id) VALUES (107,'318-1304 Luctus Rd.','740138722-00005','false','24.26974, -21.35069','0',75);
INSERT INTO "facility_address" (id,address,address_alias,default_address,geocoordinates,version,facility_id) VALUES (108,'Ap #411-4567 Dolor. St.','422376590-00002','false','-77.5398, -5.36648','0',79);
INSERT INTO "facility_address" (id,address,address_alias,default_address,geocoordinates,version,facility_id) VALUES (109,'803-2109 Arcu Ave','198428179-00008','false','45.88229, 18.90154','0',82);
INSERT INTO "facility_address" (id,address,address_alias,default_address,geocoordinates,version,facility_id) VALUES (110,'2269 Sed Rd.','860669241-00009','false','-56.52605, -154.61458','0',4);
INSERT INTO "facility_address" (id,address,address_alias,default_address,geocoordinates,version,facility_id) VALUES (111,'Ap #841-8884 Vehicula Road','492540612-00008','false','-78.06872, 60.47239','0',45);
INSERT INTO "facility_address" (id,address,address_alias,default_address,geocoordinates,version,facility_id) VALUES (112,'Ap #795-2760 Arcu Avenue','947504189-00004','false','20.71433, 152.3205','0',90);
INSERT INTO "facility_address" (id,address,address_alias,default_address,geocoordinates,version,facility_id) VALUES (113,'P.O. Box 128, 3473 Nulla Street','595532698-00007','false','45.61456, 148.9536','0',99);
INSERT INTO "facility_address" (id,address,address_alias,default_address,geocoordinates,version,facility_id) VALUES (114,'P.O. Box 227, 2451 Ipsum. Avenue','730949526-00000','false','-45.63595, -154.96322','0',96);
INSERT INTO "facility_address" (id,address,address_alias,default_address,geocoordinates,version,facility_id) VALUES (115,'Ap #745-4617 Quisque St.','729426098-00004','false','24.85574, -28.18941','0',50);
INSERT INTO "facility_address" (id,address,address_alias,default_address,geocoordinates,version,facility_id) VALUES (116,'390-4348 Turpis. St.','989051032-00005','false','-73.21302, -179.24198','0',11);
INSERT INTO "facility_address" (id,address,address_alias,default_address,geocoordinates,version,facility_id) VALUES (117,'Ap #836-531 Nulla Street','467566303-00005','false','66.08661, 70.79224','0',39);
INSERT INTO "facility_address" (id,address,address_alias,default_address,geocoordinates,version,facility_id) VALUES (118,'1408 Eros St.','241257070-00003','false','-6.97294, 69.68054','0',69);
INSERT INTO "facility_address" (id,address,address_alias,default_address,geocoordinates,version,facility_id) VALUES (119,'Ap #925-6458 Ut Road','106272206-00009','false','-7.93906, -110.2422','0',86);
INSERT INTO "facility_address" (id,address,address_alias,default_address,geocoordinates,version,facility_id) VALUES (120,'Ap #251-3181 Vestibulum Ave','188132443-00006','false','-49.11822, -80.10188','0',51);
INSERT INTO "facility_address" (id,address,address_alias,default_address,geocoordinates,version,facility_id) VALUES (121,'217-6011 Vitae Rd.','362538407-00002','false','15.54629, -12.36893','0',55);
INSERT INTO "facility_address" (id,address,address_alias,default_address,geocoordinates,version,facility_id) VALUES (122,'370-7353 Nisl. Av.','424504710-00007','false','-52.75744, -50.79417','0',50);
INSERT INTO "facility_address" (id,address,address_alias,default_address,geocoordinates,version,facility_id) VALUES (123,'Ap #160-7581 Nulla Rd.','760363960-00005','false','62.63513, 159.84422','0',22);
INSERT INTO "facility_address" (id,address,address_alias,default_address,geocoordinates,version,facility_id) VALUES (124,'P.O. Box 619, 9556 Taciti Avenue','593355191-00002','false','-1.05838, 76.18512','0',28);
INSERT INTO "facility_address" (id,address,address_alias,default_address,geocoordinates,version,facility_id) VALUES (125,'Ap #139-8870 Tellus Road','149290132-00005','false','59.9042, 9.11147','0',47);
INSERT INTO "facility_address" (id,address,address_alias,default_address,geocoordinates,version,facility_id) VALUES (126,'P.O. Box 475, 5170 A Av.','735750523-00004','false','-44.61847, 116.83738','0',92);
INSERT INTO "facility_address" (id,address,address_alias,default_address,geocoordinates,version,facility_id) VALUES (127,'854-4928 Senectus Rd.','790938724-00008','false','-37.60777, 179.11993','0',15);
INSERT INTO "facility_address" (id,address,address_alias,default_address,geocoordinates,version,facility_id) VALUES (128,'1999 Malesuada Ave','519274146-00009','false','-78.0783, -108.13224','0',95);
INSERT INTO "facility_address" (id,address,address_alias,default_address,geocoordinates,version,facility_id) VALUES (129,'P.O. Box 248, 6371 Diam Ave','170435143-00004','false','65.64609, 28.08724','0',76);
INSERT INTO "facility_address" (id,address,address_alias,default_address,geocoordinates,version,facility_id) VALUES (130,'Ap #776-8062 Id Rd.','737145631-00005','false','-69.31862, 143.62687','0',10);
INSERT INTO "facility_address" (id,address,address_alias,default_address,geocoordinates,version,facility_id) VALUES (131,'Ap #371-2031 Lorem, St.','302506399-00005','false','-79.36117, -139.17971','0',30);
INSERT INTO "facility_address" (id,address,address_alias,default_address,geocoordinates,version,facility_id) VALUES (132,'Ap #396-5683 Eros Av.','402523393-00005','false','61.54748, 1.2035','0',61);
INSERT INTO "facility_address" (id,address,address_alias,default_address,geocoordinates,version,facility_id) VALUES (133,'4254 Nulla Rd.','253930085-00001','false','-70.54309, 96.06522','0',60);
INSERT INTO "facility_address" (id,address,address_alias,default_address,geocoordinates,version,facility_id) VALUES (134,'4866 Class Ave','637708959-00001','false','71.32279, -80.06353','0',92);
INSERT INTO "facility_address" (id,address,address_alias,default_address,geocoordinates,version,facility_id) VALUES (135,'Ap #753-3969 Sit Avenue','149538811-00006','false','21.82088, 139.00732','0',46);
INSERT INTO "facility_address" (id,address,address_alias,default_address,geocoordinates,version,facility_id) VALUES (136,'Ap #952-2459 A Road','935772665-00003','false','18.27705, 2.18094','0',16);
INSERT INTO "facility_address" (id,address,address_alias,default_address,geocoordinates,version,facility_id) VALUES (137,'P.O. Box 753, 4755 Ac Av.','615659471-00002','false','-41.07172, 171.64578','0',23);
INSERT INTO "facility_address" (id,address,address_alias,default_address,geocoordinates,version,facility_id) VALUES (138,'821-2118 Dignissim Av.','833534266-00006','false','-13.02013, -7.11656','0',93);
INSERT INTO "facility_address" (id,address,address_alias,default_address,geocoordinates,version,facility_id) VALUES (139,'8515 Quam Avenue','208398750-00009','false','18.69158, 8.2171','0',47);
INSERT INTO "facility_address" (id,address,address_alias,default_address,geocoordinates,version,facility_id) VALUES (140,'Ap #249-8091 Leo Street','295825806-00009','false','-46.82348, 82.814','0',53);
INSERT INTO "facility_address" (id,address,address_alias,default_address,geocoordinates,version,facility_id) VALUES (141,'P.O. Box 699, 4618 Sed Ave','618205975-00005','false','17.1625, 99.46162','0',5);
INSERT INTO "facility_address" (id,address,address_alias,default_address,geocoordinates,version,facility_id) VALUES (142,'Ap #790-4757 Eget St.','212343214-00004','false','83.006, -67.44307','0',65);
INSERT INTO "facility_address" (id,address,address_alias,default_address,geocoordinates,version,facility_id) VALUES (143,'P.O. Box 463, 3512 Nunc. Avenue','710573254-00004','false','-3.9153, -16.67206','0',96);
INSERT INTO "facility_address" (id,address,address_alias,default_address,geocoordinates,version,facility_id) VALUES (144,'4765 Arcu Ave','615100450-00001','false','1.14503, -38.51482','0',76);
INSERT INTO "facility_address" (id,address,address_alias,default_address,geocoordinates,version,facility_id) VALUES (145,'778-4502 Ac, Av.','467503314-00008','false','-50.54958, -169.86926','0',96);
INSERT INTO "facility_address" (id,address,address_alias,default_address,geocoordinates,version,facility_id) VALUES (146,'5292 Nibh Avenue','995045796-00001','false','-30.58535, 176.05453','0',43);
INSERT INTO "facility_address" (id,address,address_alias,default_address,geocoordinates,version,facility_id) VALUES (147,'4438 Pretium Av.','391068806-00002','false','72.74338, 62.00706','0',96);
INSERT INTO "facility_address" (id,address,address_alias,default_address,geocoordinates,version,facility_id) VALUES (148,'210-3964 Nunc. Street','533047882-00006','false','31.10394, -0.069','0',74);
INSERT INTO "facility_address" (id,address,address_alias,default_address,geocoordinates,version,facility_id) VALUES (149,'512 Pharetra. Av.','509668901-00002','false','66.3537, 51.32906','0',17);
INSERT INTO "facility_address" (id,address,address_alias,default_address,geocoordinates,version,facility_id) VALUES (150,'7520 Non St.','345664080-00008','false','7.91922, 81.64384','0',10);
INSERT INTO "facility_address" (id,address,address_alias,default_address,geocoordinates,version,facility_id) VALUES (151,'Ap #949-5860 Fringilla, Rd.','225919851-00009','false','9.08856, 10.62722','0',9);
INSERT INTO "facility_address" (id,address,address_alias,default_address,geocoordinates,version,facility_id) VALUES (152,'Ap #777-1179 Aptent St.','252505748-00001','false','10.00576, -71.78601','0',75);
INSERT INTO "facility_address" (id,address,address_alias,default_address,geocoordinates,version,facility_id) VALUES (153,'Ap #972-9108 Tellus Av.','882854847-00002','false','-66.10176, 8.22975','0',66);
INSERT INTO "facility_address" (id,address,address_alias,default_address,geocoordinates,version,facility_id) VALUES (154,'Ap #236-7603 Sagittis Avenue','311777098-00006','false','-18.61804, -67.87773','0',69);
INSERT INTO "facility_address" (id,address,address_alias,default_address,geocoordinates,version,facility_id) VALUES (155,'Ap #612-9821 Molestie. Rd.','843497603-00004','false','-59.76254, -6.09338','0',84);
INSERT INTO "facility_address" (id,address,address_alias,default_address,geocoordinates,version,facility_id) VALUES (156,'5474 Nec St.','835151879-00003','false','63.17065, 177.16332','0',73);
INSERT INTO "facility_address" (id,address,address_alias,default_address,geocoordinates,version,facility_id) VALUES (157,'Ap #767-2311 Facilisis Ave','742159858-00007','false','-89.95783, -27.8107','0',75);
INSERT INTO "facility_address" (id,address,address_alias,default_address,geocoordinates,version,facility_id) VALUES (158,'Ap #974-5172 Eleifend, Ave','546245168-00002','false','15.81997, 77.5179','0',62);
INSERT INTO "facility_address" (id,address,address_alias,default_address,geocoordinates,version,facility_id) VALUES (159,'P.O. Box 574, 2357 Sed Rd.','240495549-00000','false','-65.84699, -113.64697','0',9);
INSERT INTO "facility_address" (id,address,address_alias,default_address,geocoordinates,version,facility_id) VALUES (160,'693-7380 Rhoncus. Rd.','683258800-00005','false','18.35486, -164.35557','0',84);
INSERT INTO "facility_address" (id,address,address_alias,default_address,geocoordinates,version,facility_id) VALUES (161,'Ap #332-3466 Commodo Rd.','122937469-00007','false','80.15951, -52.78297','0',88);
INSERT INTO "facility_address" (id,address,address_alias,default_address,geocoordinates,version,facility_id) VALUES (162,'P.O. Box 692, 7106 Mus. St.','758155485-00009','false','-74.22153, -39.89842','0',81);
INSERT INTO "facility_address" (id,address,address_alias,default_address,geocoordinates,version,facility_id) VALUES (163,'Ap #120-1587 Tristique Road','705029759-00002','false','85.83172, -9.31888','0',11);
INSERT INTO "facility_address" (id,address,address_alias,default_address,geocoordinates,version,facility_id) VALUES (164,'Ap #397-6008 Lacus. Street','047136700-00003','false','16.36463, 141.3597','0',6);
INSERT INTO "facility_address" (id,address,address_alias,default_address,geocoordinates,version,facility_id) VALUES (165,'P.O. Box 779, 8791 In Av.','217586338-00006','false','-64.67657, 147.82352','0',70);
INSERT INTO "facility_address" (id,address,address_alias,default_address,geocoordinates,version,facility_id) VALUES (166,'8123 Cras Rd.','843971268-00001','false','70.60487, -45.62825','0',28);
INSERT INTO "facility_address" (id,address,address_alias,default_address,geocoordinates,version,facility_id) VALUES (167,'P.O. Box 291, 1123 Consectetuer St.','575414693-00003','false','58.82359, 99.17432','0',70);
INSERT INTO "facility_address" (id,address,address_alias,default_address,geocoordinates,version,facility_id) VALUES (168,'P.O. Box 970, 5620 Ipsum Street','718398415-00007','false','78.40789, -151.63039','0',94);
INSERT INTO "facility_address" (id,address,address_alias,default_address,geocoordinates,version,facility_id) VALUES (169,'706-2570 Arcu. St.','291410561-00000','false','-70.58925, 169.703','0',54);
INSERT INTO "facility_address" (id,address,address_alias,default_address,geocoordinates,version,facility_id) VALUES (170,'350-9852 Nibh. Av.','645931874-00004','false','-32.30143, 69.7041','0',96);
INSERT INTO "facility_address" (id,address,address_alias,default_address,geocoordinates,version,facility_id) VALUES (171,'8332 Accumsan Rd.','226042190-00000','false','-27.34257, 41.31145','0',77);
INSERT INTO "facility_address" (id,address,address_alias,default_address,geocoordinates,version,facility_id) VALUES (172,'6258 Convallis Street','024779613-00009','false','68.56262, 108.10089','0',52);
INSERT INTO "facility_address" (id,address,address_alias,default_address,geocoordinates,version,facility_id) VALUES (173,'116-1231 Nunc Avenue','977612654-00003','false','31.38622, -28.10368','0',50);
INSERT INTO "facility_address" (id,address,address_alias,default_address,geocoordinates,version,facility_id) VALUES (174,'2200 Sit Rd.','695501726-00001','false','-37.1044, -72.11184','0',72);
INSERT INTO "facility_address" (id,address,address_alias,default_address,geocoordinates,version,facility_id) VALUES (175,'830-5740 Diam St.','909276065-00002','false','22.10632, -29.17616','0',59);
INSERT INTO "facility_address" (id,address,address_alias,default_address,geocoordinates,version,facility_id) VALUES (176,'8005 Cras Rd.','699114971-00004','false','40.25694, 136.00018','0',41);
INSERT INTO "facility_address" (id,address,address_alias,default_address,geocoordinates,version,facility_id) VALUES (177,'P.O. Box 441, 3702 Nec Road','587885260-00006','false','69.63647, -166.75061','0',11);
INSERT INTO "facility_address" (id,address,address_alias,default_address,geocoordinates,version,facility_id) VALUES (178,'334-8681 Vestibulum Ave','785994674-00006','false','68.08298, -16.50167','0',83);
INSERT INTO "facility_address" (id,address,address_alias,default_address,geocoordinates,version,facility_id) VALUES (179,'1286 Luctus Ave','547745208-00009','false','-52.8619, -12.05143','0',4);
INSERT INTO "facility_address" (id,address,address_alias,default_address,geocoordinates,version,facility_id) VALUES (180,'Ap #962-8305 Donec Road','562199794-00008','false','21.27665, 78.57656','0',73);
INSERT INTO "facility_address" (id,address,address_alias,default_address,geocoordinates,version,facility_id) VALUES (181,'Ap #129-9785 Felis Av.','593482052-00002','false','-4.29933, -67.06787','0',23);
INSERT INTO "facility_address" (id,address,address_alias,default_address,geocoordinates,version,facility_id) VALUES (182,'P.O. Box 269, 839 Malesuada. Street','315464297-00003','false','45.37238, 164.32662','0',94);
INSERT INTO "facility_address" (id,address,address_alias,default_address,geocoordinates,version,facility_id) VALUES (183,'P.O. Box 299, 1754 Sit Av.','945493112-00003','false','-21.99652, -170.17349','0',88);
INSERT INTO "facility_address" (id,address,address_alias,default_address,geocoordinates,version,facility_id) VALUES (184,'7536 Mauris. Ave','323483669-00004','false','30.19527, -80.94387','0',61);
INSERT INTO "facility_address" (id,address,address_alias,default_address,geocoordinates,version,facility_id) VALUES (185,'208-7302 A, Street','923586010-00004','false','-70.31786, 126.08967','0',3);
INSERT INTO "facility_address" (id,address,address_alias,default_address,geocoordinates,version,facility_id) VALUES (186,'P.O. Box 112, 5207 Nibh Avenue','903273621-00008','false','-60.83462, 123.83706','0',46);
INSERT INTO "facility_address" (id,address,address_alias,default_address,geocoordinates,version,facility_id) VALUES (187,'171-2740 Integer St.','689277895-00009','false','-27.06965, -24.30734','0',9);
INSERT INTO "facility_address" (id,address,address_alias,default_address,geocoordinates,version,facility_id) VALUES (188,'5078 Pede Avenue','598755445-00007','false','77.21086, -5.78732','0',51);
INSERT INTO "facility_address" (id,address,address_alias,default_address,geocoordinates,version,facility_id) VALUES (189,'Ap #622-5385 Diam St.','464530708-00005','false','47.34972, -72.03415','0',47);
INSERT INTO "facility_address" (id,address,address_alias,default_address,geocoordinates,version,facility_id) VALUES (190,'843 Erat. Ave','463181537-00002','false','42.67616, -112.42703','0',22);
INSERT INTO "facility_address" (id,address,address_alias,default_address,geocoordinates,version,facility_id) VALUES (191,'7769 Sodales Avenue','612631911-00007','false','-30.0342, -177.01219','0',73);
INSERT INTO "facility_address" (id,address,address_alias,default_address,geocoordinates,version,facility_id) VALUES (192,'507-4427 Nulla Street','234511400-00009','false','-1.01289, -167.66527','0',53);
INSERT INTO "facility_address" (id,address,address_alias,default_address,geocoordinates,version,facility_id) VALUES (193,'9916 Neque Street','912199932-00001','false','-75.71543, 74.3483','0',28);
INSERT INTO "facility_address" (id,address,address_alias,default_address,geocoordinates,version,facility_id) VALUES (194,'5637 Sem Rd.','534066303-00007','false','-9.18739, 85.29168','0',92);
INSERT INTO "facility_address" (id,address,address_alias,default_address,geocoordinates,version,facility_id) VALUES (195,'2475 Velit. Street','187703236-00005','false','-16.91153, -111.36279','0',56);
INSERT INTO "facility_address" (id,address,address_alias,default_address,geocoordinates,version,facility_id) VALUES (196,'P.O. Box 212, 8150 Quisque Road','887019172-00006','false','7.88598, -51.27797','0',85);
INSERT INTO "facility_address" (id,address,address_alias,default_address,geocoordinates,version,facility_id) VALUES (197,'7497 Eget, Rd.','480508308-00008','false','16.48966, -78.45937','0',25);
INSERT INTO "facility_address" (id,address,address_alias,default_address,geocoordinates,version,facility_id) VALUES (198,'5815 Faucibus. Ave','507412062-00006','false','-1.02352, 109.97216','0',42);
INSERT INTO "facility_address" (id,address,address_alias,default_address,geocoordinates,version,facility_id) VALUES (199,'4223 Cubilia Rd.','221148646-00005','false','-24.91753, -170.31607','0',23);
INSERT INTO "facility_address" (id,address,address_alias,default_address,geocoordinates,version,facility_id) VALUES (200,'Ap #899-2039 Tincidunt St.','508270386-00008','false','9.02282, -61.39522','0',44);
INSERT INTO "facility_address" (id,address,address_alias,default_address,geocoordinates,version,facility_id) VALUES (201,'599-6746 Sed St.','697624930-00007','false','-30.37789, 0.33464','0',91);
INSERT INTO "facility_address" (id,address,address_alias,default_address,geocoordinates,version,facility_id) VALUES (202,'126 Pede, St.','420038416-00004','false','46.50574, -114.55353','0',72);
INSERT INTO "facility_address" (id,address,address_alias,default_address,geocoordinates,version,facility_id) VALUES (203,'P.O. Box 669, 4946 Lorem St.','475062428-00002','false','81.30006, -149.33847','0',17);
INSERT INTO "facility_address" (id,address,address_alias,default_address,geocoordinates,version,facility_id) VALUES (204,'P.O. Box 353, 673 Quisque Ave','583255765-00005','false','-87.743, -133.15802','0',27);
INSERT INTO "facility_address" (id,address,address_alias,default_address,geocoordinates,version,facility_id) VALUES (205,'490-4843 Nullam Rd.','002312676-00006','false','5.77751, 104.42612','0',32);
INSERT INTO "facility_address" (id,address,address_alias,default_address,geocoordinates,version,facility_id) VALUES (206,'Ap #920-1160 Cursus St.','727850570-00001','false','-55.73738, -63.36086','0',29);
INSERT INTO "facility_address" (id,address,address_alias,default_address,geocoordinates,version,facility_id) VALUES (207,'Ap #156-7749 Per Avenue','070865175-00007','false','20.93453, 105.02377','0',42);
INSERT INTO "facility_address" (id,address,address_alias,default_address,geocoordinates,version,facility_id) VALUES (208,'907-5691 Ultrices St.','649831088-00004','false','-84.9416, 73.58503','0',55);
INSERT INTO "facility_address" (id,address,address_alias,default_address,geocoordinates,version,facility_id) VALUES (209,'Ap #393-7649 Enim Road','068764505-00001','false','0.96273, -47.40648','0',79);
INSERT INTO "facility_address" (id,address,address_alias,default_address,geocoordinates,version,facility_id) VALUES (210,'Ap #792-8225 Arcu. Rd.','329713952-00003','false','71.54946, -129.3049','0',56);
INSERT INTO "facility_address" (id,address,address_alias,default_address,geocoordinates,version,facility_id) VALUES (211,'4778 Lorem, Rd.','249156092-00002','false','-78.11179, -4.75344','0',13);
INSERT INTO "facility_address" (id,address,address_alias,default_address,geocoordinates,version,facility_id) VALUES (212,'547-3274 Tortor, Rd.','460738982-00004','false','83.1875, -121.21111','0',12);
INSERT INTO "facility_address" (id,address,address_alias,default_address,geocoordinates,version,facility_id) VALUES (213,'8232 In Avenue','858383417-00004','false','-18.88066, 82.77755','0',37);
INSERT INTO "facility_address" (id,address,address_alias,default_address,geocoordinates,version,facility_id) VALUES (214,'Ap #316-5904 Lacinia St.','819764804-00004','false','71.54102, 96.81941','0',54);
INSERT INTO "facility_address" (id,address,address_alias,default_address,geocoordinates,version,facility_id) VALUES (215,'5201 Ut Avenue','525400354-00003','false','-45.20381, 150.25849','0',95);
INSERT INTO "facility_address" (id,address,address_alias,default_address,geocoordinates,version,facility_id) VALUES (216,'Ap #965-2100 Praesent St.','020932067-00000','false','-26.79123, -156.40462','0',56);
INSERT INTO "facility_address" (id,address,address_alias,default_address,geocoordinates,version,facility_id) VALUES (217,'551-9219 Nunc Rd.','680455110-00006','false','-86.52402, 37.0602','0',42);
INSERT INTO "facility_address" (id,address,address_alias,default_address,geocoordinates,version,facility_id) VALUES (218,'128-9592 Dis Rd.','983482365-00001','false','-19.38823, 109.97677','0',81);
INSERT INTO "facility_address" (id,address,address_alias,default_address,geocoordinates,version,facility_id) VALUES (219,'Отделение №27 проспект Соборний 186','НП27','true','47.844565, 35.129620','0',58);
INSERT INTO "facility_address" (id,address,address_alias,default_address,geocoordinates,version,facility_id) VALUES (220,'Ap #569-660 Suscipit Rd.','355115205-00005','false','-73.93005, 25.6782','0',38);
INSERT INTO "facility_address" (id,address,address_alias,default_address,geocoordinates,version,facility_id) VALUES (221,'P.O. Box 538, 8249 Enim. St.','756066742-00005','false','-51.34803, -140.22608','0',55);
INSERT INTO "facility_address" (id,address,address_alias,default_address,geocoordinates,version,facility_id) VALUES (222,'P.O. Box 670, 5815 Adipiscing, Ave','200205839-00000','false','-5.00731, -146.12765','0',56);
INSERT INTO "facility_address" (id,address,address_alias,default_address,geocoordinates,version,facility_id) VALUES (223,'330-4398 Vel, Ave','813288990-00001','false','-83.82505, -17.46997','0',23);
INSERT INTO "facility_address" (id,address,address_alias,default_address,geocoordinates,version,facility_id) VALUES (224,'506-1356 Mauris Avenue','291367944-00001','false','-60.11782, 151.66691','0',17);
INSERT INTO "facility_address" (id,address,address_alias,default_address,geocoordinates,version,facility_id) VALUES (225,'Ap #561-9867 Enim. Ave','464151422-00001','false','26.8813, -166.21623','0',85);
INSERT INTO "facility_address" (id,address,address_alias,default_address,geocoordinates,version,facility_id) VALUES (226,'9904 Mattis Av.','855088365-00009','false','85.23967, -132.97126','0',61);
INSERT INTO "facility_address" (id,address,address_alias,default_address,geocoordinates,version,facility_id) VALUES (227,'692-2507 Nunc. St.','448057810-00005','false','89.23881, 30.63891','0',87);
INSERT INTO "facility_address" (id,address,address_alias,default_address,geocoordinates,version,facility_id) VALUES (228,'2237 Eu St.','828999565-00009','false','65.40089, 92.10173','0',51);
INSERT INTO "facility_address" (id,address,address_alias,default_address,geocoordinates,version,facility_id) VALUES (229,'516-4699 Lacus. Road','735390536-00002','false','-75.82621, -22.02127','0',98);
INSERT INTO "facility_address" (id,address,address_alias,default_address,geocoordinates,version,facility_id) VALUES (230,'4809 Semper Rd.','236230132-00003','false','61.5489, -6.86679','0',81);
INSERT INTO "facility_address" (id,address,address_alias,default_address,geocoordinates,version,facility_id) VALUES (231,'Ap #541-4967 Sit Road','032910804-00007','false','76.05469, -178.2402','0',74);
INSERT INTO "facility_address" (id,address,address_alias,default_address,geocoordinates,version,facility_id) VALUES (232,'9434 Facilisis Ave','592478473-00008','false','-33.4161, 10.13377','0',45);
INSERT INTO "facility_address" (id,address,address_alias,default_address,geocoordinates,version,facility_id) VALUES (233,'P.O. Box 720, 480 Nec St.','294113618-00002','false','30.75045, -62.20338','0',67);
INSERT INTO "facility_address" (id,address,address_alias,default_address,geocoordinates,version,facility_id) VALUES (234,'2126 Amet Av.','330494642-00003','false','52.88658, -165.32508','0',52);
INSERT INTO "facility_address" (id,address,address_alias,default_address,geocoordinates,version,facility_id) VALUES (235,'P.O. Box 298, 4428 Sed St.','431984046-00000','false','-35.06642, 94.55249','0',38);
INSERT INTO "facility_address" (id,address,address_alias,default_address,geocoordinates,version,facility_id) VALUES (236,'5197 Erat, Street','571275726-00008','false','-56.4941, 11.87295','0',18);
INSERT INTO "facility_address" (id,address,address_alias,default_address,geocoordinates,version,facility_id) VALUES (237,'Ap #248-1959 Dui. Av.','861007086-00007','false','61.95007, -60.88976','0',70);
INSERT INTO "facility_address" (id,address,address_alias,default_address,geocoordinates,version,facility_id) VALUES (238,'Ap #919-5061 Ullamcorper. Rd.','217558782-00009','false','-44.20695, -104.93901','0',3);
INSERT INTO "facility_address" (id,address,address_alias,default_address,geocoordinates,version,facility_id) VALUES (239,'3860 Hymenaeos. Road','945325124-00002','false','5.62097, 14.57644','0',24);
INSERT INTO "facility_address" (id,address,address_alias,default_address,geocoordinates,version,facility_id) VALUES (240,'2215 Mi Rd.','299202515-00001','false','-89.32872, 38.73577','0',11);
INSERT INTO "facility_address" (id,address,address_alias,default_address,geocoordinates,version,facility_id) VALUES (241,'P.O. Box 741, 5497 Nec Rd.','225080472-00007','false','0.38127, -68.61066','0',89);
INSERT INTO "facility_address" (id,address,address_alias,default_address,geocoordinates,version,facility_id) VALUES (242,'Ap #295-5895 Non, Ave','909855926-00004','false','-61.37654, 18.9367','0',84);
INSERT INTO "facility_address" (id,address,address_alias,default_address,geocoordinates,version,facility_id) VALUES (243,'288-8348 At Rd.','397792250-00003','false','26.44062, 170.56153','0',50);
INSERT INTO "facility_address" (id,address,address_alias,default_address,geocoordinates,version,facility_id) VALUES (244,'Ap #777-1154 Arcu. Rd.','371569898-00005','false','86.24153, -50.90933','0',66);
INSERT INTO "facility_address" (id,address,address_alias,default_address,geocoordinates,version,facility_id) VALUES (245,'Ap #165-2291 Semper Rd.','978159861-00001','false','-86.60696, -150.83826','0',49);
INSERT INTO "facility_address" (id,address,address_alias,default_address,geocoordinates,version,facility_id) VALUES (246,'781-7070 Aliquam St.','084466630-00005','false','30.23069, -178.59779','0',49);
INSERT INTO "facility_address" (id,address,address_alias,default_address,geocoordinates,version,facility_id) VALUES (247,'P.O. Box 767, 1254 Mauris St.','377899364-00006','false','-31.01892, 42.86571','0',95);
INSERT INTO "facility_address" (id,address,address_alias,default_address,geocoordinates,version,facility_id) VALUES (248,'P.O. Box 538, 1315 Lorem. Rd.','101661957-00007','false','16.96532, -19.05019','0',45);
INSERT INTO "facility_address" (id,address,address_alias,default_address,geocoordinates,version,facility_id) VALUES (249,'P.O. Box 108, 9797 Imperdiet, Avenue','777362575-00006','false','64.79287, -16.51943','0',16);
INSERT INTO "facility_address" (id,address,address_alias,default_address,geocoordinates,version,facility_id) VALUES (250,'594-1453 Aliquam Avenue','834853871-00004','false','-76.38541, 134.86311','0',76);
INSERT INTO "facility_address" (id,address,address_alias,default_address,geocoordinates,version,facility_id) VALUES (251,'816-1759 Augue Rd.','213889538-00004','false','-63.63423, -71.28768','0',55);
INSERT INTO "facility_address" (id,address,address_alias,default_address,geocoordinates,version,facility_id) VALUES (252,'Ap #139-2712 Eros Rd.','461154254-00001','false','58.64221, 151.89979','0',83);
INSERT INTO "facility_address" (id,address,address_alias,default_address,geocoordinates,version,facility_id) VALUES (253,'Ap #723-5519 Rutrum St.','603861329-00002','false','-85.97356, -126.69356','0',92);
INSERT INTO "facility_address" (id,address,address_alias,default_address,geocoordinates,version,facility_id) VALUES (254,'251-232 Integer Street','622311330-00006','false','83.97508, -38.34055','0',69);
INSERT INTO "facility_address" (id,address,address_alias,default_address,geocoordinates,version,facility_id) VALUES (255,'Ap #465-2523 Purus St.','678858341-00004','false','-71.08346, 26.26646','0',49);
INSERT INTO "facility_address" (id,address,address_alias,default_address,geocoordinates,version,facility_id) VALUES (256,'Ap #637-4037 Eu St.','896370780-00000','false','-61.77436, -68.34175','0',98);
INSERT INTO "facility_address" (id,address,address_alias,default_address,geocoordinates,version,facility_id) VALUES (257,'8611 Massa Ave','798193371-00001','false','-62.24971, -97.69761','0',17);
INSERT INTO "facility_address" (id,address,address_alias,default_address,geocoordinates,version,facility_id) VALUES (258,'P.O. Box 650, 4813 At Rd.','422748871-00007','false','56.19938, -131.84757','0',37);
INSERT INTO "facility_address" (id,address,address_alias,default_address,geocoordinates,version,facility_id) VALUES (259,'7218 Nonummy St.','028178705-00001','false','-55.59655, -43.04733','0',48);
INSERT INTO "facility_address" (id,address,address_alias,default_address,geocoordinates,version,facility_id) VALUES (260,'Ap #172-3037 Erat St.','725307870-00008','false','-47.41234, 162.8911','0',31);
INSERT INTO "facility_address" (id,address,address_alias,default_address,geocoordinates,version,facility_id) VALUES (261,'P.O. Box 215, 741 Massa Av.','924942584-00005','false','13.42155, 23.37051','0',4);
INSERT INTO "facility_address" (id,address,address_alias,default_address,geocoordinates,version,facility_id) VALUES (262,'172-5458 Pede. Avenue','157138603-00004','false','-71.54164, -76.23858','0',84);
INSERT INTO "facility_address" (id,address,address_alias,default_address,geocoordinates,version,facility_id) VALUES (263,'P.O. Box 751, 8900 Suspendisse Rd.','248194870-00007','false','1.63259, -73.77389','0',5);
INSERT INTO "facility_address" (id,address,address_alias,default_address,geocoordinates,version,facility_id) VALUES (264,'167-7361 Ipsum Road','123488744-00004','false','55.40517, -27.89536','0',27);
INSERT INTO "facility_address" (id,address,address_alias,default_address,geocoordinates,version,facility_id) VALUES (265,'Ap #991-2317 Pede St.','440984763-00001','false','60.91423, 12.45929','0',89);
INSERT INTO "facility_address" (id,address,address_alias,default_address,geocoordinates,version,facility_id) VALUES (266,'605-7865 Non St.','718678360-00006','false','-38.15582, 6.22186','0',97);
INSERT INTO "facility_address" (id,address,address_alias,default_address,geocoordinates,version,facility_id) VALUES (267,'Ap #258-4374 Arcu. Rd.','839200995-00000','false','45.18241, -122.4906','0',82);
INSERT INTO "facility_address" (id,address,address_alias,default_address,geocoordinates,version,facility_id) VALUES (268,'P.O. Box 321, 4740 Mauris Rd.','295113179-00002','false','-60.12786, 23.01543','0',51);
INSERT INTO "facility_address" (id,address,address_alias,default_address,geocoordinates,version,facility_id) VALUES (269,'P.O. Box 112, 7963 Id Avenue','393662705-00002','false','83.29855, -52.27035','0',21);
INSERT INTO "facility_address" (id,address,address_alias,default_address,geocoordinates,version,facility_id) VALUES (270,'P.O. Box 576, 687 Nam Avenue','704616457-00005','false','-88.4625, 1.21707','0',79);
INSERT INTO "facility_address" (id,address,address_alias,default_address,geocoordinates,version,facility_id) VALUES (271,'Ap #698-3337 Est Ave','031944333-00009','false','-26.48691, -128.88139','0',18);
INSERT INTO "facility_address" (id,address,address_alias,default_address,geocoordinates,version,facility_id) VALUES (272,'276-6068 Vel Rd.','254858194-00007','false','9.10347, 43.38109','0',7);
INSERT INTO "facility_address" (id,address,address_alias,default_address,geocoordinates,version,facility_id) VALUES (273,'P.O. Box 669, 8770 Magnis Road','289849416-00002','false','13.11305, 99.51453','0',28);
INSERT INTO "facility_address" (id,address,address_alias,default_address,geocoordinates,version,facility_id) VALUES (274,'966-9936 Quis St.','364079434-00007','false','-79.19712, -169.98073','0',27);
INSERT INTO "facility_address" (id,address,address_alias,default_address,geocoordinates,version,facility_id) VALUES (275,'551-553 Urna St.','531618221-00000','false','69.90981, 90.03111','0',82);
INSERT INTO "facility_address" (id,address,address_alias,default_address,geocoordinates,version,facility_id) VALUES (276,'Ap #728-6231 Elit Avenue','649415189-00004','false','15.24859, 7.59973','0',9);
INSERT INTO "facility_address" (id,address,address_alias,default_address,geocoordinates,version,facility_id) VALUES (277,'750-2769 Amet Road','155286982-00006','false','-48.90197, 161.25974','0',66);
INSERT INTO "facility_address" (id,address,address_alias,default_address,geocoordinates,version,facility_id) VALUES (278,'453-9485 Mauris Av.','362607004-00003','false','23.3595, 168.62134','0',62);
INSERT INTO "facility_address" (id,address,address_alias,default_address,geocoordinates,version,facility_id) VALUES (279,'P.O. Box 842, 5202 Elit, Av.','084526821-00008','false','-54.61695, -13.68091','0',73);
INSERT INTO "facility_address" (id,address,address_alias,default_address,geocoordinates,version,facility_id) VALUES (280,'Ap #711-1850 Iaculis Av.','988096244-00005','false','62.5888, 66.43806','0',8);
INSERT INTO "facility_address" (id,address,address_alias,default_address,geocoordinates,version,facility_id) VALUES (281,'369-1928 Ipsum. Road','111435343-00004','false','18.70189, 121.71804','0',54);
INSERT INTO "facility_address" (id,address,address_alias,default_address,geocoordinates,version,facility_id) VALUES (282,'3707 Tellus, St.','744740143-00006','false','-78.02876, 139.66057','0',65);
INSERT INTO "facility_address" (id,address,address_alias,default_address,geocoordinates,version,facility_id) VALUES (283,'Ap #181-7265 Turpis Av.','445372170-00008','false','-49.10827, 36.94879','0',89);
INSERT INTO "facility_address" (id,address,address_alias,default_address,geocoordinates,version,facility_id) VALUES (284,'Ap #838-8276 Varius St.','604744490-00003','false','-88.88521, 176.74572','0',45);
INSERT INTO "facility_address" (id,address,address_alias,default_address,geocoordinates,version,facility_id) VALUES (285,'P.O. Box 178, 1203 Elit. Av.','812905610-00000','false','48.58918, 80.56159','0',56);
INSERT INTO "facility_address" (id,address,address_alias,default_address,geocoordinates,version,facility_id) VALUES (286,'778-390 Augue Rd.','593808405-00009','false','38.16303, -155.21885','0',20);
INSERT INTO "facility_address" (id,address,address_alias,default_address,geocoordinates,version,facility_id) VALUES (287,'6716 Diam St.','480844539-00001','false','-64.56699, -102.58034','0',56);
INSERT INTO "facility_address" (id,address,address_alias,default_address,geocoordinates,version,facility_id) VALUES (288,'Ap #644-4999 Dignissim. Ave','276638350-00005','false','-27.0243, 98.32895','0',14);
INSERT INTO "facility_address" (id,address,address_alias,default_address,geocoordinates,version,facility_id) VALUES (289,'Ap #921-5672 Quis Rd.','604663724-00002','false','18.14784, -10.0516','0',43);
INSERT INTO "facility_address" (id,address,address_alias,default_address,geocoordinates,version,facility_id) VALUES (290,'Ap #320-4596 Nisl. Ave','007571003-00008','false','56.62263, 90.48003','0',41);
INSERT INTO "facility_address" (id,address,address_alias,default_address,geocoordinates,version,facility_id) VALUES (291,'350-9417 Tellus Avenue','510834096-00008','false','-78.55235, -97.49569','0',56);
INSERT INTO "facility_address" (id,address,address_alias,default_address,geocoordinates,version,facility_id) VALUES (292,'7237 Amet Ave','876850942-00007','false','-74.75471, 79.69053','0',34);
INSERT INTO "facility_address" (id,address,address_alias,default_address,geocoordinates,version,facility_id) VALUES (293,'5908 Curae; Street','947877775-00009','false','83.70659, 72.90563','0',28);
INSERT INTO "facility_address" (id,address,address_alias,default_address,geocoordinates,version,facility_id) VALUES (294,'1396 Augue Rd.','472055631-00007','false','-23.56058, -167.19837','0',66);
INSERT INTO "facility_address" (id,address,address_alias,default_address,geocoordinates,version,facility_id) VALUES (295,'839-5308 At Road','668296585-00007','false','-62.48483, -44.88495','0',56);
INSERT INTO "facility_address" (id,address,address_alias,default_address,geocoordinates,version,facility_id) VALUES (296,'Ap #298-9606 Vel St.','069430510-00003','false','-48.94014, 80.58686','0',81);
INSERT INTO "facility_address" (id,address,address_alias,default_address,geocoordinates,version,facility_id) VALUES (297,'Ap #379-3791 Eu Ave','620326876-00005','false','19.09348, -27.47332','0',46);
INSERT INTO "facility_address" (id,address,address_alias,default_address,geocoordinates,version,facility_id) VALUES (298,'1780 Arcu. Avenue','617106174-00007','false','47.54193, -97.61464','0',49);
INSERT INTO "facility_address" (id,address,address_alias,default_address,geocoordinates,version,facility_id) VALUES (299,'P.O. Box 611, 8888 Natoque Ave','937106094-00009','false','-20.80156, 88.26342','0',23);
INSERT INTO "facility_address" (id,address,address_alias,default_address,geocoordinates,version,facility_id) VALUES (300,'1674 Donec Road','526443627-00009','false','-15.04578, 44.59771','0',47);
INSERT INTO "facility_address" (id,address,address_alias,default_address,geocoordinates,version,facility_id) VALUES (301,'165-2830 Phasellus Avenue','738246875-00004','true','45.72123, -67.44975','0',13);
INSERT INTO "facility_address" (id,address,address_alias,default_address,geocoordinates,version,facility_id) VALUES (302,'470-4644 Lacinia Av.','253281117-00007','true','-33.05614, 61.57255','0',91);
INSERT INTO "facility_address" (id,address,address_alias,default_address,geocoordinates,version,facility_id) VALUES (303,'8712 Eget St.','892839606-00001','true','38.8994, 63.66272','0',91);
INSERT INTO "facility_address" (id,address,address_alias,default_address,geocoordinates,version,facility_id) VALUES (304,'965-3276 Aliquam Rd.','962070223-00004','true','-50.05389, 133.48037','0',38);
INSERT INTO "facility_address" (id,address,address_alias,default_address,geocoordinates,version,facility_id) VALUES (305,'Ap #419-6551 Facilisis Avenue','799718325-00001','true','56.92982, 33.43883','0',21);
INSERT INTO "facility_address" (id,address,address_alias,default_address,geocoordinates,version,facility_id) VALUES (306,'Ap #572-7927 Magnis Street','763769130-00009','true','61.181, -40.15409','0',23);
INSERT INTO "facility_address" (id,address,address_alias,default_address,geocoordinates,version,facility_id) VALUES (307,'Ap #718-8787 Mauris. Road','307541870-00001','true','-50.39439, -84.20949','0',43);
INSERT INTO "facility_address" (id,address,address_alias,default_address,geocoordinates,version,facility_id) VALUES (308,'2465 Auctor, Road','839084704-00007','true','0.95409, -71.68076','0',72);
INSERT INTO "facility_address" (id,address,address_alias,default_address,geocoordinates,version,facility_id) VALUES (309,'P.O. Box 695, 9389 Orci Rd.','703789362-00000','true','40.33288, -109.60559','0',99);
INSERT INTO "facility_address" (id,address,address_alias,default_address,geocoordinates,version,facility_id) VALUES (310,'P.O. Box 935, 7706 Nulla St.','175379411-00002','true','62.67873, 150.62825','0',86);
INSERT INTO "facility_address" (id,address,address_alias,default_address,geocoordinates,version,facility_id) VALUES (311,'8543 A Avenue','837437672-00004','true','-62.55089, -97.38372','0',41);
INSERT INTO "facility_address" (id,address,address_alias,default_address,geocoordinates,version,facility_id) VALUES (312,'P.O. Box 878, 9372 Aliquet St.','231748179-00000','true','45.6394, 23.81073','0',47);
INSERT INTO "facility_address" (id,address,address_alias,default_address,geocoordinates,version,facility_id) VALUES (313,'P.O. Box 348, 688 Nec, St.','011309531-00009','true','85.46954, 159.86415','0',97);
INSERT INTO "facility_address" (id,address,address_alias,default_address,geocoordinates,version,facility_id) VALUES (314,'P.O. Box 155, 3453 Neque St.','715561387-00005','true','-0.69895, 3.90837','0',49);
INSERT INTO "facility_address" (id,address,address_alias,default_address,geocoordinates,version,facility_id) VALUES (315,'Ap #774-5138 Ullamcorper. Rd.','804813293-00003','true','21.26435, -43.94962','0',10);
INSERT INTO "facility_address" (id,address,address_alias,default_address,geocoordinates,version,facility_id) VALUES (316,'Ap #613-7260 Mauris Ave','350705018-00009','true','-26.7184, 2.84324','0',89);
INSERT INTO "facility_address" (id,address,address_alias,default_address,geocoordinates,version,facility_id) VALUES (317,'393-3835 Parturient Rd.','670928373-00000','true','7.93746, -13.47169','0',32);
INSERT INTO "facility_address" (id,address,address_alias,default_address,geocoordinates,version,facility_id) VALUES (318,'Ap #842-7145 Vel St.','616079885-00003','true','27.53994, -143.80686','0',73);
INSERT INTO "facility_address" (id,address,address_alias,default_address,geocoordinates,version,facility_id) VALUES (319,'Ap #292-5692 Aenean Street','744060229-00005','true','-32.30109, -53.52164','0',47);
INSERT INTO "facility_address" (id,address,address_alias,default_address,geocoordinates,version,facility_id) VALUES (320,'321-4680 Eu Road','167740927-00006','true','77.51596, 4.27091','0',5);
INSERT INTO "facility_address" (id,address,address_alias,default_address,geocoordinates,version,facility_id) VALUES (321,'800-3427 Ligula Road','243355955-00002','true','-20.37587, -102.72197','0',25);
INSERT INTO "facility_address" (id,address,address_alias,default_address,geocoordinates,version,facility_id) VALUES (322,'806-2804 Molestie Av.','397348632-00001','true','-22.74661, -95.88362','0',4);
INSERT INTO "facility_address" (id,address,address_alias,default_address,geocoordinates,version,facility_id) VALUES (323,'P.O. Box 997, 9467 Tincidunt Rd.','559384748-00005','true','-42.25761, 67.4943','0',47);
INSERT INTO "facility_address" (id,address,address_alias,default_address,geocoordinates,version,facility_id) VALUES (324,'Ap #652-372 Et Street','573015997-00006','true','8.01418, 79.47238','0',2);
INSERT INTO "facility_address" (id,address,address_alias,default_address,geocoordinates,version,facility_id) VALUES (325,'P.O. Box 813, 7677 Justo. Av.','347387599-00009','true','27.99427, 72.5718','0',86);
INSERT INTO "facility_address" (id,address,address_alias,default_address,geocoordinates,version,facility_id) VALUES (326,'P.O. Box 935, 836 Cras Ave','303121628-00000','true','65.18231, -174.32627','0',32);
INSERT INTO "facility_address" (id,address,address_alias,default_address,geocoordinates,version,facility_id) VALUES (327,'P.O. Box 265, 848 Felis Avenue','822339156-00009','true','-40.38784, -2.11454','0',87);
INSERT INTO "facility_address" (id,address,address_alias,default_address,geocoordinates,version,facility_id) VALUES (328,'550-4739 Libero Rd.','970010922-00007','true','-76.17992, 164.42953','0',93);
INSERT INTO "facility_address" (id,address,address_alias,default_address,geocoordinates,version,facility_id) VALUES (329,'P.O. Box 638, 1024 Tristique Avenue','073079345-00002','true','-80.05001, -49.80078','0',61);
INSERT INTO "facility_address" (id,address,address_alias,default_address,geocoordinates,version,facility_id) VALUES (330,'7329 Ut Av.','027927334-00006','true','22.18333, 145.08936','0',57);
alter sequence facility_address_id_seq restart with 331;

-- Insert Facility that controlled by User with role Client
INSERT INTO public.users_facilities (facility_id, user_id) VALUES(79, 4);
INSERT INTO public.users_facilities (facility_id, user_id) VALUES(86, 4);

-- Insert Courier Requests by Client
INSERT INTO public.courier_requests (id, creation_date, description, "version", author_user_id, from_point_id, to_point_id) VALUES(1, '2019-08-31 19:49:16.186', 'Забрать картриджи', 1, 4, 308, 63);
INSERT INTO public.courier_requests (id, creation_date, description, "version", author_user_id, from_point_id, to_point_id) VALUES(2, '2019-08-31 20:06:22.579', 'Забрать картриджи', 1, 4, 129, 63);
INSERT INTO public.courier_requests (id, creation_date, description, "version", author_user_id, from_point_id, to_point_id) VALUES(3, '2019-08-31 20:57:03.070', 'Забрать с Новой Почты посылку', 1, 3, 219, 63);
INSERT INTO public.courier_requests (id, creation_date, description, "version", author_user_id, from_point_id, to_point_id) VALUES(4, '2019-08-31 21:41:24.588', 'Отвезти картриджи', 1, 3, 63, 1);
INSERT INTO public.courier_requests (id, creation_date, description, "version", author_user_id, from_point_id, to_point_id) VALUES(8, '2019-08-31 23:36:55.645', 'Забрать монитор', 1, 7, 272, 63);
alter sequence courier_requests_id_seq restart with 9;

-- Insert Courier Request Event for Requests Above
INSERT INTO public.courier_request_events (id, creation_date, description, "version", author_user_id, fk_courier_request_id) VALUES(1, '2019-08-31 19:49:16.187', 'Зареестровано виклик курьера.', 0, 1, 1);
INSERT INTO public.courier_request_events (id, creation_date, description, "version", author_user_id, fk_courier_request_id) VALUES(2, '2019-08-31 20:06:22.579', 'Зареестровано виклик курьера.', 0, 1, 2);
INSERT INTO public.courier_request_events (id, creation_date, description, "version", author_user_id, fk_courier_request_id) VALUES(3, '2019-08-31 20:57:03.070', 'Зареестровано виклик курьера.', 0, 3, 3);
INSERT INTO public.courier_request_events (id, creation_date, description, "version", author_user_id, fk_courier_request_id) VALUES(4, '2019-08-31 21:41:24.588', 'Зареестровано виклик курьера.', 0, 3, 4);
INSERT INTO public.courier_request_events (id, creation_date, description, "version", author_user_id, fk_courier_request_id) VALUES(8, '2019-08-31 23:33:36.071', 'Зареестровано виклик курьера.', 0, 7, 8);
INSERT INTO public.courier_request_events (id, creation_date, description, "version", author_user_id, fk_courier_request_id) VALUES(9, '2019-08-31 23:35:11.295', 'Виклик кур''єра було видано.', 0, 3, 8);
INSERT INTO public.courier_request_events (id, creation_date, description, "version", author_user_id, fk_courier_request_id) VALUES(10, '2019-08-31 23:35:52.282', 'Візит кур''єра маркований як скасований з причини: "Уже не надо"', 0, 3, 8);
INSERT INTO public.courier_request_events (id, creation_date, description, "version", author_user_id, fk_courier_request_id) VALUES(11, '2019-08-31 23:36:55.644', 'Цей виклик було перестворено з виданого виклику з причини: "Сегодня монитор уже есть". Прототип має #id 3', 0, 3, 8);
INSERT INTO public.courier_request_events (id, creation_date, description, "version", author_user_id, fk_courier_request_id) VALUES(12, '2019-08-31 23:36:55.645', 'Зареестровано виклик курьера.', 0, 3, 8);
alter sequence courier_request_events_id_seq restart with 13;

-- Insert Draft Route Sheets
INSERT INTO public.draft_route_sheets (sheet_id, creation_date, description, "version", author_user_id) VALUES(1, '2019-08-31 21:42:22.773', 'Забрать картриджи и почту', 1, 3);
INSERT INTO public.draft_route_sheets (sheet_id, creation_date, description, "version", author_user_id) VALUES(2, '2019-08-31 21:43:15.310', 'Забрать картриджи, почту, отвезти работу на космос', 1, 3);
alter sequence draft_route_sheets_sheet_id_seq restart with 3;

-- Insert Draft Route Sheet Events
INSERT INTO public.draft_route_sheet_events (id, creation_date, description, "version", author_user_id, fk_sheet_id) VALUES(1, '2019-08-31 21:42:22.773', 'Чернетку маршрутного листа було створено.', 0, 3, 1);
INSERT INTO public.draft_route_sheet_events (id, creation_date, description, "version", author_user_id, fk_sheet_id) VALUES(2, '2019-08-31 21:43:15.310', 'Чернетку маршрутного листа було створено.', 0, 3, 2);
alter sequence draft_route_sheet_events_id_seq restart with 3;

-- Wire Sheets and requests
INSERT INTO public.draft_route_sheets_requests (draft_route_sheets_id, courier_request_id) VALUES(1, 2);
INSERT INTO public.draft_route_sheets_requests (draft_route_sheets_id, courier_request_id) VALUES(1, 3);
INSERT INTO public.draft_route_sheets_requests (draft_route_sheets_id, courier_request_id) VALUES(2, 2);
INSERT INTO public.draft_route_sheets_requests (draft_route_sheets_id, courier_request_id) VALUES(2, 3);
INSERT INTO public.draft_route_sheets_requests (draft_route_sheets_id, courier_request_id) VALUES(2, 4);

-- Issued Route Sheet
INSERT INTO public.issued_route_sheets (sheet_id, creation_date, description, "version", author_user_id) VALUES(1, '2019-08-31 23:35:11.295', 'Развоз заказов и забрать монитор если получится', 1, 3);
alter sequence issued_route_sheets_sheet_id_seq restart with 2;

-- Issued Route Sheet Events
INSERT INTO public.issued_route_sheet_events (id, creation_date, description, "version", author_user_id, fk_sheet_id) VALUES(1, '2019-08-31 23:34:41.035', 'Чернетку маршрутного листа було створено.', 0, 3, 1);
INSERT INTO public.issued_route_sheet_events (id, creation_date, description, "version", author_user_id, fk_sheet_id) VALUES(2, '2019-08-31 23:35:11.295', 'Чернетку маршрутного листа було видано з новим приписом ''Развоз заказов и забрать монитор если получится''.', 0, 3, 1);
alter sequence issued_route_sheet_events_id_seq restart with 3;

-- Insert Courier Visits
INSERT INTO public.courier_visits (id, creation_date, description, "version", state, author_user_id, from_point_id, to_point_id) VALUES(1, '2019-08-31 23:32:08.893', 'Отвезти заказ №3216', 1, 'RUNNING', 7, 63, 52);
INSERT INTO public.courier_visits (id, creation_date, description, "version", state, author_user_id, from_point_id, to_point_id) VALUES(2, '2019-08-31 23:32:51.308', 'Отвезти заказ №3217', 2, 'COMPLETED', 7, 63, 194);
INSERT INTO public.courier_visits (id, creation_date, description, "version", state, author_user_id, from_point_id, to_point_id) VALUES(3, '2019-08-31 23:33:36.071', 'Забрать монитор', 3, 'CANCELLED', 7, 272, 63);
alter sequence courier_visits_id_seq restart with 4;

-- Insert Courier Visits Event
INSERT INTO public.courier_visit_events (id, creation_date, description, "version", author_user_id, fk_courier_visit_id) VALUES(1, '2019-08-31 23:32:08.893', 'Зареестровано виклик курьера.', 0, 7, 1);
INSERT INTO public.courier_visit_events (id, creation_date, description, "version", author_user_id, fk_courier_visit_id) VALUES(2, '2019-08-31 23:35:11.295', 'Виклик кур''єра було видано.', 0, 3, 1);
INSERT INTO public.courier_visit_events (id, creation_date, description, "version", author_user_id, fk_courier_visit_id) VALUES(3, '2019-08-31 23:32:51.308', 'Зареестровано виклик курьера.', 0, 7, 2);
INSERT INTO public.courier_visit_events (id, creation_date, description, "version", author_user_id, fk_courier_visit_id) VALUES(4, '2019-08-31 23:35:11.295', 'Виклик кур''єра було видано.', 0, 3, 2);
INSERT INTO public.courier_visit_events (id, creation_date, description, "version", author_user_id, fk_courier_visit_id) VALUES(5, '2019-08-31 23:33:36.071', 'Зареестровано виклик курьера.', 0, 7, 3);
INSERT INTO public.courier_visit_events (id, creation_date, description, "version", author_user_id, fk_courier_visit_id) VALUES(6, '2019-08-31 23:35:11.295', 'Виклик кур''єра було видано.', 0, 3, 3);
INSERT INTO public.courier_visit_events (id, creation_date, description, "version", author_user_id, fk_courier_visit_id) VALUES(7, '2019-08-31 23:35:52.282', 'Візит кур''єра маркований як скасований', 0, 3, 3);
INSERT INTO public.courier_visit_events (id, creation_date, description, "version", author_user_id, fk_courier_visit_id) VALUES(8, '2019-08-31 23:36:04.583', 'Візит кур''єра маркований як виконаний', 0, 3, 2);
INSERT INTO public.courier_visit_events (id, creation_date, description, "version", author_user_id, fk_courier_visit_id) VALUES(9, '2019-08-31 23:36:55.779', 'Цей виклик було взято за основу для повторного виклику з причини ''Сегодня монитор уже есть''. Нова чернетка зареєстрована з #id: 8', 0, 3, 3);
alter sequence courier_visit_events_id_seq restart with 10;

-- Wire Issued Sheets and Visits
INSERT INTO public.issued_route_sheets_requests (issued_route_sheet_sheet_id, requests_id) VALUES(1, 1);
INSERT INTO public.issued_route_sheets_requests (issued_route_sheet_sheet_id, requests_id) VALUES(1, 2);
INSERT INTO public.issued_route_sheets_requests (issued_route_sheet_sheet_id, requests_id) VALUES(1, 3);

INSERT INTO users (user_id, email, enabled,verified, firstname, lastname, "password", patronymic, username, "version") VALUES(8, 'pashkazp@gmail.com', true,false, 'Этоимя', 'Этофамилия', '$2a$10$YPJH.2bioTSCRze9h3rFxO5h4.gXVYeKMmZIihWltExra3FuvTst.', 'Этоотчество', 'Client1', 1);
alter sequence user_seq restart with 9;
INSERT INTO public.user_roles (user_id,user_role) VALUES (8,'ROLE_REGISTERED');
INSERT INTO users_verification_tokens (token_id, expiry_date, "token", token_type, enabled, used_date, user_id) VALUES(101, '2019-10-04 15:10:57.256', '980185bf-d16c-459c-ba2d-d5f460cc4bff', 'RNU', false, NULL, 8);

alter sequence hibernate_sequence restart with 102;
